Date,Weekday,Avg. Temperature,sunshine_duration_in_min,rain_time_in_min,Costs,Clicks,TV,Radio,ATL - Media,Users,aantal_geaccepterrd,unieke_opens,Partner Voucherorders,multi_cat_type_beverage,multi_cat_type_cards,multi_cat_type_flowers,multi_cat_type_balloons,multi_cat_type_cake,multi_cat_type_chocolate,multi_cat_type_baby&kids,multi_cat_type_mannenproducten,multi_cat_type_beauty,multi_cat_type_personalized,multi_cat_type_mugs,multi_cat_type_all,multi_cat_type_books,multi_cat_type_other,marketing_Balloons,marketing_Beauty,marketing_Beverage,marketing_Books,marketing_Cards,marketing_Chocolate,marketing_Flowers,marketing_Multi-cat
01-01-2018,maandag,6.8,126.0,414.0,1852.32,5394.0,0.0,0.0,0.0,41641.0,11.0,0.0,71.0,1.0,0.0,0.0,0.0,0.0,0.0,0.0,0.0,0.0,0.0,0.0,0.0,0.0,0.0,0,0,0,0,0,0,0,1
02-01-2018,dinsdag,6.5,84.0,372.0,4574.02,10513.0,0.0,0.0,0.0,52965.0,22.0,2.0,124.0,1.0,0.0,0.0,0.0,0.0,0.0,0.0,0.0,0.0,0.0,0.0,0.0,0.0,0.0,0,0,0,0,0,0,0,1
03-01-2018,woensdag,8.8,12.0,306.0,4899.01,11431.0,0.0,0.0,0.0,44864.0,39.0,9.0,89.0,1.0,0.0,0.0,0.0,0.0,0.0,0.0,0.0,0.0,0.0,0.0,0.0,0.0,0.0,0,0,0,0,0,0,0,1
04-01-2018,donderdag,8.2,12.0,96.0,4425.01,10687.0,0.0,0.0,0.0,45725.0,15.0,3.0,96.0,1.0,0.0,0.0,0.0,0.0,0.0,0.0,0.0,0.0,0.0,0.0,0.0,0.0,0.0,0,0,0,0,0,0,0,1
05-01-2018,vrijdag,6.4,0.0,150.0,4056.74,9642.0,0.0,0.0,0.0,37825.0,53.0,12.0,75.0,1.0,0.0,0.0,0.0,0.0,0.0,0.0,0.0,0.0,0.0,0.0,0.0,0.0,0.0,0,0,0,0,0,0,0,1
06-01-2018,zaterdag,4.5,42.0,0.0,3030.45,6835.0,0.0,0.0,0.0,32904.0,17.0,3.0,43.0,1.0,0.0,0.0,0.0,0.0,0.0,0.0,0.0,0.0,0.0,0.0,0.0,0.0,0.0,0,0,0,0,0,0,0,1
07-01-2018,zondag,1.0,372.0,0.0,3230.12,8562.0,0.0,0.0,0.0,32932.0,13.0,3.0,75.0,1.0,0.0,0.0,0.0,0.0,0.0,0.0,0.0,0.0,0.0,0.0,0.0,0.0,0.0,0,0,0,0,0,0,0,1
08-01-2018,maandag,1.1,390.0,0.0,4769.08,11693.0,0.0,3541.2780952380895,3541.2780952380895,63086.0,19.0,4.0,63.0,0.0,1.0,0.0,0.0,0.0,0.0,0.0,0.0,0.0,0.0,0.0,0.0,0.0,0.0,0,0,0,0,0,0,0,1
09-01-2018,dinsdag,3.0,18.0,0.0,4751.09,11292.0,0.0,3541.2780952380895,3541.2780952380895,46263.0,45.0,15.0,81.0,0.0,1.0,0.0,0.0,0.0,0.0,0.0,0.0,0.0,0.0,0.0,0.0,0.0,0.0,0,0,0,0,0,0,0,1
10-01-2018,woensdag,6.9,0.0,348.0,4931.71,11618.0,0.0,3541.2780952380895,3541.2780952380895,44865.0,28.0,9.0,48.0,0.0,1.0,0.0,0.0,0.0,0.0,0.0,0.0,0.0,0.0,0.0,0.0,0.0,0.0,0,0,0,0,0,0,0,1
11-01-2018,donderdag,5.7,0.0,0.0,5040.89,11705.0,0.0,3541.2780952380895,3541.2780952380895,40609.0,16.0,4.0,54.0,0.0,1.0,0.0,0.0,0.0,0.0,0.0,0.0,0.0,0.0,0.0,0.0,0.0,0.0,0,0,0,0,0,0,0,1
12-01-2018,vrijdag,5.0,0.0,0.0,4254.34,10487.0,0.0,3541.2780952380895,3541.2780952380895,47742.0,41.0,13.0,47.0,0.0,1.0,0.0,0.0,0.0,0.0,0.0,0.0,0.0,0.0,0.0,0.0,0.0,0.0,0,0,0,0,0,0,0,1
13-01-2018,zaterdag,4.2,0.0,0.0,2905.05,7437.0,0.0,3541.2780952380895,3541.2780952380895,29016.0,22.0,5.0,37.0,0.0,1.0,0.0,0.0,0.0,0.0,0.0,0.0,0.0,0.0,0.0,0.0,0.0,0.0,0,0,0,0,0,0,0,1
14-01-2018,zondag,2.9,300.0,0.0,2950.85,9355.0,0.0,3541.2780952380895,3541.2780952380895,32705.0,32.0,9.0,39.0,0.0,1.0,0.0,0.0,0.0,0.0,0.0,0.0,0.0,0.0,0.0,0.0,0.0,0.0,0,0,0,0,0,0,0,1
15-01-2018,maandag,5.2,0.0,570.0,4716.77,12890.0,0.0,3541.2780952380895,3541.2780952380895,55227.0,52.0,15.0,77.0,0.0,0.0,1.0,0.0,0.0,0.0,0.0,0.0,0.0,0.0,0.0,0.0,0.0,0.0,0,0,0,0,0,0,0,1
16-01-2018,dinsdag,5.2,174.0,348.0,4449.4,11806.0,0.0,3541.2780952380895,3541.2780952380895,44038.0,17.0,3.0,47.0,0.0,0.0,1.0,0.0,0.0,0.0,0.0,0.0,0.0,0.0,0.0,0.0,0.0,0.0,0,0,0,0,0,0,0,1
17-01-2018,woensdag,4.6,30.0,186.0,4701.06,12488.0,0.0,3541.2780952380895,3541.2780952380895,40962.0,30.0,9.0,44.0,0.0,0.0,1.0,0.0,0.0,0.0,0.0,0.0,0.0,0.0,0.0,0.0,0.0,0.0,0,0,0,0,0,0,0,1
18-01-2018,donderdag,4.7,24.0,390.0,4098.98,11315.0,0.0,3541.2780952380895,3541.2780952380895,36387.0,45.0,22.0,31.0,0.0,0.0,1.0,0.0,0.0,0.0,0.0,0.0,0.0,0.0,0.0,0.0,0.0,0.0,0,0,0,0,0,0,0,1
19-01-2018,vrijdag,3.7,150.0,294.0,4504.68,11345.0,0.0,3541.2780952380895,3541.2780952380895,34948.0,12.0,8.0,30.0,0.0,0.0,1.0,0.0,0.0,0.0,0.0,0.0,0.0,0.0,0.0,0.0,0.0,0.0,0,0,0,0,0,0,0,1
20-01-2018,zaterdag,2.2,24.0,120.0,4071.76,8954.0,0.0,3541.2780952380895,3541.2780952380895,26399.0,15.0,6.0,17.0,0.0,0.0,1.0,0.0,0.0,0.0,0.0,0.0,0.0,0.0,0.0,0.0,0.0,0.0,0,0,0,0,0,0,0,1
21-01-2018,zondag,3.0,288.0,162.0,5193.68,11487.0,0.0,3541.2780952380895,3541.2780952380895,30589.0,13.0,4.0,22.0,0.0,0.0,1.0,0.0,0.0,0.0,0.0,0.0,0.0,0.0,0.0,0.0,0.0,0.0,0,0,0,0,0,0,0,1
22-01-2018,maandag,6.3,30.0,114.0,7159.85,15298.0,0.0,3541.2780952380895,3541.2780952380895,59744.0,32.0,8.0,34.0,0.0,0.0,0.0,1.0,0.0,0.0,0.0,0.0,0.0,0.0,0.0,0.0,0.0,0.0,0,0,0,0,0,0,0,1
23-01-2018,dinsdag,8.1,54.0,240.0,6643.01,15132.0,0.0,3541.2780952380895,3541.2780952380895,58313.0,34.0,13.0,27.0,0.0,0.0,0.0,1.0,0.0,0.0,0.0,0.0,0.0,0.0,0.0,0.0,0.0,0.0,0,0,0,0,0,0,0,1
24-01-2018,woensdag,11.7,0.0,246.0,6590.76,15160.0,0.0,3541.2780952380895,3541.2780952380895,54091.0,41.0,13.0,35.0,0.0,0.0,0.0,1.0,0.0,0.0,0.0,0.0,0.0,0.0,0.0,0.0,0.0,0.0,0,0,0,0,0,0,0,1
25-01-2018,donderdag,7.7,36.0,6.0,5205.63,13523.0,0.0,3541.2780952380895,3541.2780952380895,45996.0,21.0,5.0,23.0,0.0,0.0,0.0,1.0,0.0,0.0,0.0,0.0,0.0,0.0,0.0,0.0,0.0,0.0,0,0,0,0,0,0,0,1
26-01-2018,vrijdag,5.4,72.0,0.0,4081.86,11670.0,0.0,3541.2780952380895,3541.2780952380895,49980.0,21.0,7.0,22.0,0.0,0.0,0.0,1.0,0.0,0.0,0.0,0.0,0.0,0.0,0.0,0.0,0.0,0.0,0,0,0,0,0,0,0,1
27-01-2018,zaterdag,5.8,120.0,216.0,2884.66,8011.0,0.0,3541.2780952380895,3541.2780952380895,32645.0,18.0,0.0,12.0,0.0,0.0,0.0,1.0,0.0,0.0,0.0,0.0,0.0,0.0,0.0,0.0,0.0,0.0,0,0,0,0,0,0,0,1
28-01-2018,zondag,9.7,102.0,0.0,3825.72,11195.0,0.0,3541.2780952380895,3541.2780952380895,35685.0,29.0,7.0,189.0,0.0,0.0,0.0,1.0,0.0,0.0,0.0,0.0,0.0,0.0,0.0,0.0,0.0,0.0,0,0,0,0,0,0,0,1
29-01-2018,maandag,8.8,0.0,168.0,6066.6,16863.0,0.0,0.0,0.0,72640.0,41.0,9.0,743.0,0.0,0.0,1.0,0.0,0.0,0.0,0.0,0.0,0.0,0.0,0.0,0.0,0.0,0.0,0,0,0,0,0,0,0,1
30-01-2018,dinsdag,4.7,372.0,0.0,6176.46,16138.0,0.0,0.0,0.0,61638.0,62.0,20.0,1229.0,0.0,0.0,1.0,0.0,0.0,0.0,0.0,0.0,0.0,0.0,0.0,0.0,0.0,0.0,0,0,0,0,0,0,0,1
31-01-2018,woensdag,6.5,0.0,402.0,7292.24,18167.0,0.0,0.0,0.0,57010.0,56.0,24.0,1529.0,0.0,0.0,1.0,0.0,0.0,0.0,0.0,0.0,0.0,0.0,0.0,0.0,0.0,0.0,0,0,0,0,0,0,0,1
01-02-2018,donderdag,3.4,150.0,258.0,6307.51,16482.0,0.0,0.0,0.0,75713.0,29.0,17.0,1639.0,0.0,0.0,1.0,0.0,0.0,0.0,0.0,0.0,0.0,0.0,0.0,0.0,0.0,0.0,0,0,0,0,0,0,0,1
02-02-2018,vrijdag,4.4,126.0,270.0,5908.56,15246.0,0.0,0.0,0.0,56196.0,40.0,9.0,1617.0,0.0,0.0,1.0,0.0,0.0,0.0,0.0,0.0,0.0,0.0,0.0,0.0,0.0,0.0,0,0,0,0,0,0,0,1
03-02-2018,zaterdag,2.0,18.0,132.0,4110.86,10781.0,0.0,0.0,0.0,37982.0,19.0,2.0,1407.0,0.0,0.0,1.0,0.0,0.0,0.0,0.0,0.0,0.0,0.0,0.0,0.0,0.0,0.0,0,0,0,0,0,0,0,1
04-02-2018,zondag,1.7,216.0,0.0,4991.67,14053.0,0.0,0.0,0.0,46186.0,29.0,2.0,1497.0,0.0,0.0,1.0,0.0,0.0,0.0,0.0,0.0,0.0,0.0,0.0,0.0,0.0,0.0,0,0,0,0,0,0,0,1
05-02-2018,maandag,1.0,102.0,0.0,7232.29,20160.0,0.0,5631.495238095239,5631.495238095239,86296.0,55.0,9.0,1913.0,0.0,0.0,1.0,0.0,0.0,0.0,0.0,0.0,0.0,0.0,0.0,0.0,0.0,0.0,0,0,0,0,0,0,0,1
06-02-2018,dinsdag,-2.1,438.0,0.0,7423.68,20073.0,0.0,6470.228571428571,6470.228571428571,68539.0,44.0,8.0,1680.0,0.0,0.0,1.0,0.0,0.0,0.0,0.0,0.0,0.0,0.0,0.0,0.0,0.0,0.0,0,0,0,0,0,0,0,1
07-02-2018,woensdag,-2.2,510.0,0.0,8422.83,22157.0,0.0,7069.32380952381,7069.32380952381,96888.0,36.0,12.0,1754.0,0.0,0.0,1.0,0.0,0.0,0.0,0.0,0.0,0.0,0.0,0.0,0.0,0.0,0.0,0,0,0,0,0,0,0,1
08-02-2018,donderdag,1.0,390.0,0.0,7841.71,21436.0,0.0,5751.314285714289,5751.314285714289,112343.0,11.0,4.0,2010.0,0.0,0.0,1.0,0.0,0.0,0.0,0.0,0.0,0.0,0.0,0.0,0.0,0.0,0.0,0,0,0,0,0,0,0,1
09-02-2018,vrijdag,0.6,126.0,30.0,8080.47,21213.0,0.0,6110.771428571429,6110.771428571429,90456.0,15.0,7.0,2432.0,0.0,0.0,1.0,0.0,0.0,0.0,0.0,0.0,0.0,0.0,0.0,0.0,0.0,0.0,0,0,0,0,0,0,0,1
10-02-2018,zaterdag,2.9,222.0,12.0,7555.82,17880.0,0.0,3474.7523809523805,3474.7523809523805,62689.0,18.0,5.0,1826.0,0.0,0.0,1.0,0.0,0.0,0.0,0.0,0.0,0.0,0.0,0.0,0.0,0.0,0.0,0,0,0,0,0,0,0,1
11-02-2018,zondag,4.5,120.0,186.0,11061.51,26201.0,0.0,2636.01904761905,2636.01904761905,86734.0,33.0,11.0,2393.0,0.0,0.0,1.0,0.0,0.0,0.0,0.0,0.0,0.0,0.0,0.0,0.0,0.0,0.0,0,0,0,0,0,0,0,1
12-02-2018,maandag,3.0,348.0,0.0,21665.22,47823.0,0.0,6110.771428571429,6110.771428571429,135272.0,21.0,7.0,3423.0,0.0,0.0,1.0,0.0,0.0,0.0,0.0,0.0,0.0,0.0,0.0,0.0,0.0,0.0,0,0,0,0,0,0,0,1
13-02-2018,dinsdag,2.0,522.0,0.0,33077.69,59153.0,0.0,7069.32380952381,7069.32380952381,156867.0,41.0,9.0,3821.0,0.0,0.0,1.0,0.0,0.0,0.0,0.0,0.0,0.0,0.0,0.0,0.0,0.0,0.0,0,0,0,0,0,0,0,1
14-02-2018,woensdag,1.9,522.0,0.0,11905.78,26913.0,0.0,0.0,0.0,117866.0,37.0,27.0,1247.0,0.0,0.0,1.0,0.0,0.0,0.0,0.0,0.0,0.0,0.0,0.0,0.0,0.0,0.0,0,0,0,0,0,0,0,1
15-02-2018,donderdag,4.3,126.0,228.0,5294.67,15674.0,0.0,0.0,0.0,56550.0,27.0,13.0,960.0,1.0,0.0,0.0,0.0,1.0,1.0,0.0,0.0,0.0,0.0,0.0,0.0,0.0,0.0,0,0,0,0,0,0,0,1
16-02-2018,vrijdag,3.2,522.0,0.0,5336.91,13653.0,0.0,0.0,0.0,46889.0,50.0,20.0,891.0,1.0,0.0,0.0,0.0,1.0,1.0,0.0,0.0,0.0,0.0,0.0,0.0,0.0,0.0,0,0,0,0,0,0,0,1
17-02-2018,zaterdag,0.9,390.0,0.0,3633.02,9549.0,0.0,0.0,0.0,32155.0,36.0,5.0,531.0,1.0,0.0,0.0,0.0,1.0,1.0,0.0,0.0,0.0,0.0,0.0,0.0,0.0,0.0,0,0,0,0,0,0,0,1
18-02-2018,zondag,0.7,510.0,0.0,4264.49,11209.0,0.0,0.0,0.0,36181.0,18.0,4.0,650.0,1.0,0.0,0.0,0.0,1.0,1.0,0.0,0.0,0.0,0.0,0.0,0.0,0.0,0.0,0,0,0,0,0,0,0,1
19-02-2018,maandag,1.2,0.0,0.0,6486.99,15922.0,0.0,0.0,0.0,75531.0,2.0,4.0,819.0,1.0,0.0,0.0,0.0,1.0,1.0,0.0,0.0,0.0,0.0,0.0,0.0,0.0,0.0,0,0,0,0,0,0,0,1
20-02-2018,dinsdag,0.8,72.0,0.0,6037.32,15326.0,0.0,0.0,0.0,52701.0,60.0,31.0,714.0,1.0,0.0,0.0,0.0,1.0,1.0,0.0,0.0,0.0,0.0,0.0,0.0,0.0,0.0,0,0,0,0,0,0,0,1
21-02-2018,woensdag,0.3,552.0,0.0,5917.72,14332.0,0.0,0.0,0.0,47546.0,17.0,5.0,813.0,1.0,0.0,0.0,0.0,1.0,1.0,0.0,0.0,0.0,0.0,0.0,0.0,0.0,0.0,0,0,0,0,0,0,0,1
22-02-2018,donderdag,0.2,534.0,0.0,5219.47,13098.0,0.0,0.0,0.0,45678.0,17.0,11.0,676.0,1.0,0.0,0.0,0.0,1.0,1.0,0.0,0.0,0.0,0.0,0.0,0.0,0.0,0.0,0,0,0,0,0,0,0,1
23-02-2018,vrijdag,-0.5,510.0,0.0,4632.75,11947.0,0.0,0.0,0.0,40555.0,56.0,20.0,684.0,1.0,0.0,0.0,0.0,1.0,1.0,0.0,0.0,0.0,0.0,0.0,0.0,0.0,0.0,0,0,0,0,0,0,0,1
24-02-2018,zaterdag,-0.4,558.0,0.0,3130.71,8022.0,0.0,0.0,0.0,28180.0,16.0,1.0,405.0,1.0,0.0,0.0,0.0,1.0,1.0,0.0,0.0,0.0,0.0,0.0,0.0,0.0,0.0,0,0,0,0,0,0,0,1
25-02-2018,zondag,-2.2,582.0,0.0,3597.59,9936.0,0.0,0.0,0.0,32420.0,4.0,0.0,746.0,1.0,0.0,0.0,0.0,1.0,1.0,0.0,0.0,0.0,0.0,0.0,0.0,0.0,0.0,0,0,0,0,0,0,0,1
26-02-2018,maandag,-3.3,426.0,0.0,5469.06,14338.0,0.0,0.0,0.0,58145.0,22.0,2.0,917.0,0.0,1.0,0.0,0.0,0.0,0.0,0.0,0.0,0.0,0.0,0.0,0.0,0.0,0.0,0,0,0,0,0,0,0,1
27-02-2018,dinsdag,-3.6,522.0,0.0,5365.91,14270.0,0.0,0.0,0.0,59461.0,29.0,4.0,1418.0,0.0,1.0,0.0,0.0,0.0,0.0,0.0,0.0,0.0,0.0,0.0,0.0,0.0,0.0,0,0,0,0,0,0,0,1
28-02-2018,woensdag,-6.6,438.0,0.0,5335.71,14116.0,0.0,0.0,0.0,64139.0,64.0,17.0,2116.0,0.0,1.0,0.0,0.0,0.0,0.0,0.0,0.0,0.0,0.0,0.0,0.0,0.0,0.0,0,0,0,0,0,0,0,1
01-03-2018,donderdag,-4.7,324.0,0.0,5028.68,13054.0,0.0,0.0,0.0,50425.0,21.0,11.0,178.0,0.0,1.0,0.0,0.0,0.0,0.0,0.0,0.0,0.0,0.0,0.0,0.0,0.0,0.0,0,0,0,0,0,0,0,1
02-03-2018,vrijdag,-3.7,408.0,96.0,4473.61,12094.0,0.0,0.0,0.0,54125.0,15.0,5.0,144.0,0.0,1.0,0.0,0.0,0.0,0.0,0.0,0.0,0.0,0.0,0.0,0.0,0.0,0.0,0,0,0,0,0,0,0,1
03-03-2018,zaterdag,-1.7,108.0,0.0,3239.89,8630.0,0.0,0.0,0.0,36144.0,5.0,1.0,133.0,0.0,1.0,0.0,0.0,0.0,0.0,0.0,0.0,0.0,0.0,0.0,0.0,0.0,0.0,0,0,0,0,0,0,0,1
04-03-2018,zondag,5.0,300.0,150.0,3956.13,11125.0,0.0,0.0,0.0,38142.0,29.0,6.0,128.0,0.0,1.0,0.0,0.0,0.0,0.0,0.0,0.0,0.0,0.0,0.0,0.0,0.0,0.0,0,0,0,0,0,0,0,1
05-03-2018,maandag,6.6,546.0,0.0,6226.88,14377.0,0.0,0.0,0.0,45176.0,40.0,9.0,132.0,0.0,0.0,0.0,1.0,0.0,0.0,0.0,0.0,0.0,0.0,0.0,0.0,0.0,0.0,0,0,0,0,0,0,0,1
06-03-2018,dinsdag,5.6,174.0,0.0,6887.49,15354.0,0.0,0.0,0.0,71703.0,11.0,2.0,113.0,0.0,0.0,0.0,1.0,0.0,0.0,0.0,0.0,0.0,0.0,0.0,0.0,0.0,0.0,0,0,0,0,0,0,0,1
07-03-2018,woensdag,5.9,204.0,240.0,6384.41,15369.0,0.0,0.0,0.0,50394.0,14.0,6.0,125.0,0.0,0.0,0.0,1.0,0.0,0.0,0.0,0.0,0.0,0.0,0.0,0.0,0.0,0.0,0,0,0,0,0,0,0,1
08-03-2018,donderdag,4.8,120.0,192.0,6051.13,14588.0,0.0,0.0,0.0,57137.0,11.0,6.0,108.0,0.0,0.0,0.0,1.0,0.0,0.0,0.0,0.0,0.0,0.0,0.0,0.0,0.0,0.0,0,0,0,0,0,0,0,1
09-03-2018,vrijdag,6.5,348.0,318.0,4713.1,12071.0,0.0,0.0,0.0,45881.0,13.0,8.0,85.0,0.0,0.0,0.0,1.0,0.0,0.0,0.0,0.0,0.0,0.0,0.0,0.0,0.0,0.0,0,0,0,0,0,0,0,1
10-03-2018,zaterdag,11.4,108.0,408.0,3232.01,7921.0,0.0,0.0,0.0,30276.0,14.0,2.0,92.0,0.0,0.0,0.0,1.0,0.0,0.0,0.0,0.0,0.0,0.0,0.0,0.0,0.0,0.0,0,0,0,0,0,0,0,1
11-03-2018,zondag,10.2,150.0,60.0,4030.2,10470.0,0.0,0.0,0.0,34014.0,6.0,1.0,90.0,0.0,0.0,0.0,1.0,0.0,0.0,0.0,0.0,0.0,0.0,0.0,0.0,0.0,0.0,0,0,0,0,0,0,0,1
12-03-2018,maandag,10.3,156.0,108.0,6107.66,14421.0,0.0,0.0,0.0,59588.0,9.0,3.0,85.0,0.0,0.0,0.0,1.0,0.0,0.0,0.0,0.0,0.0,0.0,0.0,0.0,0.0,0.0,0,0,0,0,0,0,0,1
13-03-2018,dinsdag,5.6,0.0,456.0,6398.33,15176.0,0.0,0.0,0.0,50889.0,24.0,8.0,91.0,0.0,0.0,0.0,1.0,0.0,0.0,0.0,0.0,0.0,0.0,0.0,0.0,0.0,0.0,0,0,0,0,0,0,0,1
14-03-2018,woensdag,5.8,564.0,0.0,5908.47,14127.0,0.0,0.0,0.0,46191.0,28.0,9.0,81.0,0.0,0.0,0.0,1.0,0.0,0.0,0.0,0.0,0.0,0.0,0.0,0.0,0.0,0.0,0,0,0,0,0,0,0,1
15-03-2018,donderdag,7.3,240.0,186.0,5709.63,14038.0,6328.66666666667,3819.7324414715704,10148.3991081382,44484.0,21.0,11.0,69.0,0.0,0.0,1.0,0.0,0.0,0.0,0.0,0.0,0.0,0.0,0.0,0.0,0.0,0.0,0,0,0,0,0,0,0,1
16-03-2018,vrijdag,3.8,0.0,36.0,5176.01,14008.0,6328.66666666667,3819.7324414715704,10148.3991081382,60855.0,14.0,4.0,83.0,0.0,0.0,1.0,0.0,0.0,0.0,0.0,0.0,0.0,0.0,0.0,0.0,0.0,0.0,0,0,0,0,0,0,0,1
17-03-2018,zaterdag,-1.4,30.0,0.0,3995.71,10002.0,6328.66666666667,3819.7324414715704,10148.3991081382,42303.0,6.0,1.0,60.0,0.0,0.0,1.0,0.0,0.0,0.0,0.0,0.0,0.0,0.0,0.0,0.0,0.0,0.0,0,0,0,0,0,0,0,1
18-03-2018,zondag,-1.0,294.0,0.0,4380.26,12723.0,6328.66666666667,3819.7324414715704,10148.3991081382,48955.0,60.0,13.0,84.0,0.0,0.0,1.0,0.0,0.0,0.0,0.0,0.0,0.0,0.0,0.0,0.0,0.0,0.0,0,0,0,0,0,0,0,1
19-03-2018,maandag,-0.2,654.0,0.0,6489.75,15970.0,6328.66666666667,4040.3248924988106,10368.9915591655,87635.0,8.0,0.0,81.0,0.0,0.0,1.0,0.0,0.0,0.0,0.0,0.0,0.0,0.0,0.0,0.0,0.0,0.0,0,0,0,0,0,0,0,1
20-03-2018,dinsdag,3.8,630.0,0.0,6576.94,16029.0,6328.66666666667,4040.3248924988106,10368.9915591655,73862.0,16.0,2.0,67.0,0.0,0.0,1.0,0.0,0.0,0.0,0.0,0.0,0.0,0.0,0.0,0.0,0.0,0.0,0,0,0,0,0,0,0,1
21-03-2018,woensdag,3.6,474.0,0.0,6027.07,14752.0,6328.66666666667,4040.3248924988106,10368.9915591655,56540.0,14.0,8.0,81.0,0.0,0.0,1.0,0.0,0.0,0.0,0.0,0.0,0.0,0.0,0.0,0.0,0.0,0.0,0,0,0,0,0,0,0,1
22-03-2018,donderdag,6.4,174.0,264.0,5703.0,14350.0,6328.66666666667,4040.3248924988106,10368.9915591655,47736.0,35.0,7.0,54.0,0.0,0.0,1.0,0.0,0.0,0.0,0.0,0.0,0.0,0.0,0.0,0.0,0.0,0.0,0,0,0,0,0,0,0,1
23-03-2018,vrijdag,6.2,6.0,0.0,5392.39,13638.0,6328.66666666667,4040.3248924988106,10368.9915591655,52769.0,11.0,11.0,64.0,0.0,0.0,1.0,0.0,0.0,0.0,0.0,0.0,0.0,0.0,0.0,0.0,0.0,0.0,0,0,0,0,0,0,0,1
24-03-2018,zaterdag,6.5,282.0,0.0,3770.03,9029.0,6328.66666666667,4040.3248924988106,10368.9915591655,32395.0,11.0,1.0,57.0,0.0,0.0,1.0,0.0,0.0,0.0,0.0,0.0,0.0,0.0,0.0,0.0,0.0,0.0,0,0,0,0,0,0,0,1
25-03-2018,zondag,5.4,492.0,0.0,4371.92,10811.0,6328.66666666667,4040.3248924988106,10368.9915591655,33687.0,27.0,5.0,63.0,0.0,0.0,1.0,0.0,0.0,0.0,0.0,0.0,0.0,0.0,0.0,0.0,0.0,0.0,0,0,0,0,0,0,0,1
26-03-2018,maandag,4.7,234.0,78.0,7022.06,16282.0,6328.66666666667,5038.79598662207,11367.462653288701,67658.0,15.0,5.0,76.0,0.0,0.0,1.0,0.0,0.0,0.0,0.0,0.0,0.0,0.0,0.0,0.0,0.0,0.0,0,0,0,0,0,0,0,1
27-03-2018,dinsdag,5.6,60.0,234.0,6930.1,16563.0,0.0,0.0,0.0,51488.0,33.0,5.0,67.0,0.0,0.0,0.0,0.0,0.0,1.0,0.0,0.0,0.0,0.0,0.0,0.0,0.0,0.0,0,0,0,0,0,0,0,1
28-03-2018,woensdag,5.9,0.0,648.0,5443.11,15141.0,0.0,0.0,0.0,61472.0,30.0,7.0,90.0,0.0,0.0,0.0,0.0,0.0,1.0,0.0,0.0,0.0,0.0,0.0,0.0,0.0,0.0,0,0,0,0,0,0,0,1
29-03-2018,donderdag,6.5,348.0,66.0,5091.47,13781.0,0.0,0.0,0.0,46957.0,31.0,7.0,84.0,0.0,0.0,0.0,0.0,0.0,1.0,0.0,0.0,0.0,0.0,0.0,0.0,0.0,0.0,0,0,0,0,0,0,0,1
30-03-2018,vrijdag,9.0,336.0,294.0,4383.14,12313.0,0.0,0.0,0.0,43157.0,29.0,7.0,74.0,0.0,0.0,0.0,0.0,0.0,1.0,0.0,0.0,0.0,0.0,0.0,0.0,0.0,0.0,0,0,0,0,0,0,0,1
31-03-2018,zaterdag,7.2,174.0,282.0,1562.49,5784.0,0.0,0.0,0.0,25665.0,19.0,2.0,70.0,0.0,0.0,0.0,0.0,0.0,1.0,0.0,0.0,0.0,0.0,0.0,0.0,0.0,0.0,0,0,0,0,0,0,0,1
01-04-2018,zondag,4.8,24.0,96.0,1776.6,5714.0,0.0,0.0,0.0,23456.0,42.0,11.0,51.0,0.0,0.0,0.0,0.0,0.0,1.0,0.0,0.0,0.0,0.0,0.0,0.0,0.0,0.0,0,0,0,0,0,0,0,1
02-04-2018,maandag,7.7,60.0,336.0,3570.87,10131.0,0.0,0.0,0.0,30986.0,84.0,36.0,72.0,0.0,0.0,0.0,0.0,0.0,1.0,0.0,0.0,0.0,0.0,0.0,0.0,0.0,0.0,0,0,0,0,0,0,0,1
03-04-2018,dinsdag,12.7,234.0,108.0,5409.18,13963.0,0.0,0.0,0.0,59531.0,19.0,6.0,77.0,1.0,0.0,1.0,0.0,0.0,0.0,1.0,0.0,0.0,0.0,0.0,0.0,0.0,0.0,0,0,0,0,0,0,0,1
04-04-2018,woensdag,10.3,132.0,72.0,5454.29,13909.0,0.0,0.0,0.0,53639.0,48.0,18.0,67.0,1.0,0.0,1.0,0.0,0.0,0.0,1.0,0.0,0.0,0.0,0.0,0.0,0.0,0.0,0,0,0,0,0,0,0,1
05-04-2018,donderdag,5.9,294.0,90.0,5125.87,13065.0,0.0,0.0,0.0,44346.0,26.0,9.0,102.0,1.0,0.0,1.0,0.0,0.0,0.0,1.0,0.0,0.0,0.0,0.0,0.0,0.0,0.0,0,0,0,0,0,0,0,1
06-04-2018,vrijdag,8.8,714.0,0.0,3940.87,10564.0,0.0,0.0,0.0,37912.0,6.0,4.0,87.0,1.0,0.0,1.0,0.0,0.0,0.0,1.0,0.0,0.0,0.0,0.0,0.0,0.0,0.0,0,0,0,0,0,0,0,1
07-04-2018,zaterdag,13.9,600.0,0.0,2744.33,6342.0,0.0,0.0,0.0,22341.0,21.0,6.0,47.0,1.0,0.0,1.0,0.0,0.0,0.0,1.0,0.0,0.0,0.0,0.0,0.0,0.0,0.0,0,0,0,0,0,0,0,1
08-04-2018,zondag,15.2,576.0,0.0,3054.72,8376.0,0.0,0.0,0.0,26543.0,23.0,7.0,48.0,1.0,0.0,1.0,0.0,0.0,0.0,1.0,0.0,0.0,0.0,0.0,0.0,0.0,0.0,0,0,0,0,0,0,0,1
09-04-2018,maandag,12.6,138.0,0.0,5397.87,13755.0,0.0,0.0,0.0,72186.0,32.0,8.0,63.0,0.0,1.0,0.0,0.0,0.0,0.0,0.0,0.0,0.0,0.0,0.0,0.0,0.0,0.0,0,0,0,0,0,0,0,1
10-04-2018,dinsdag,15.5,192.0,0.0,5120.14,13009.0,0.0,0.0,0.0,56833.0,8.0,3.0,60.0,0.0,1.0,0.0,0.0,0.0,0.0,0.0,0.0,0.0,0.0,0.0,0.0,0.0,0.0,0,0,0,0,0,0,0,1
11-04-2018,woensdag,12.7,132.0,42.0,5344.77,13355.0,0.0,0.0,0.0,56385.0,32.0,9.0,69.0,0.0,1.0,0.0,0.0,0.0,0.0,0.0,0.0,0.0,0.0,0.0,0.0,0.0,0.0,0,0,0,0,0,0,0,1
12-04-2018,donderdag,10.4,108.0,42.0,4790.26,12424.0,0.0,0.0,0.0,45647.0,34.0,13.0,63.0,0.0,1.0,0.0,0.0,0.0,0.0,0.0,0.0,0.0,0.0,0.0,0.0,0.0,0.0,0,0,0,0,0,0,0,1
13-04-2018,vrijdag,10.0,108.0,0.0,4299.87,11290.0,0.0,0.0,0.0,51356.0,24.0,7.0,58.0,0.0,1.0,0.0,0.0,0.0,0.0,0.0,0.0,0.0,0.0,0.0,0.0,0.0,0.0,0,0,0,0,0,0,0,1
14-04-2018,zaterdag,11.5,282.0,96.0,3055.27,7599.0,0.0,0.0,0.0,29069.0,34.0,10.0,52.0,0.0,1.0,0.0,0.0,0.0,0.0,0.0,0.0,0.0,0.0,0.0,0.0,0.0,0.0,0,0,0,0,0,0,0,1
15-04-2018,zondag,12.7,96.0,306.0,3906.83,10405.0,0.0,0.0,0.0,34341.0,70.0,8.0,52.0,0.0,1.0,0.0,0.0,0.0,0.0,0.0,0.0,0.0,0.0,0.0,0.0,0.0,0.0,0,0,0,0,0,0,0,1
16-04-2018,maandag,11.4,630.0,12.0,5591.87,13516.0,0.0,0.0,0.0,59807.0,40.0,17.0,92.0,0.0,0.0,1.0,0.0,0.0,0.0,0.0,0.0,0.0,0.0,0.0,0.0,0.0,0.0,0,0,0,0,0,0,0,1
17-04-2018,dinsdag,12.8,684.0,0.0,5069.21,12135.0,0.0,0.0,0.0,42939.0,31.0,5.0,66.0,0.0,0.0,1.0,0.0,0.0,0.0,0.0,0.0,0.0,0.0,0.0,0.0,0.0,0.0,0,0,0,0,0,0,0,1
18-04-2018,woensdag,16.3,768.0,0.0,5510.36,12420.0,0.0,0.0,0.0,42697.0,38.0,8.0,58.0,0.0,0.0,1.0,0.0,0.0,0.0,0.0,0.0,0.0,0.0,0.0,0.0,0.0,0.0,0,0,0,0,0,0,0,1
19-04-2018,donderdag,19.2,786.0,0.0,5634.94,12883.0,0.0,0.0,0.0,44382.0,20.0,6.0,49.0,0.0,0.0,1.0,0.0,0.0,0.0,0.0,0.0,0.0,0.0,0.0,0.0,0.0,0.0,0,0,0,0,0,0,0,1
20-04-2018,vrijdag,18.3,786.0,0.0,4146.91,9609.0,0.0,0.0,0.0,32398.0,36.0,6.0,45.0,0.0,0.0,1.0,0.0,0.0,0.0,0.0,0.0,0.0,0.0,0.0,0.0,0.0,0.0,0,0,0,0,0,0,0,1
21-04-2018,zaterdag,15.5,780.0,0.0,3125.09,6522.0,0.0,0.0,0.0,22861.0,42.0,5.0,30.0,0.0,0.0,1.0,0.0,0.0,0.0,0.0,0.0,0.0,0.0,0.0,0.0,0.0,0.0,0,0,0,0,0,0,0,1
22-04-2018,zondag,17.9,558.0,0.0,3925.11,9084.0,0.0,0.0,0.0,27548.0,10.0,4.0,55.0,0.0,0.0,1.0,0.0,0.0,0.0,0.0,0.0,0.0,0.0,0.0,0.0,0.0,0.0,0,0,0,0,0,0,0,1
23-04-2018,maandag,13.1,564.0,0.0,6824.5,15212.0,0.0,0.0,0.0,72661.0,18.0,3.0,76.0,1.0,1.0,0.0,0.0,1.0,0.0,0.0,0.0,0.0,0.0,0.0,0.0,0.0,0.0,0,0,0,0,0,0,0,1
24-04-2018,dinsdag,12.9,30.0,18.0,6950.67,14845.0,0.0,0.0,0.0,59168.0,57.0,16.0,84.0,1.0,1.0,0.0,0.0,1.0,0.0,0.0,0.0,0.0,0.0,0.0,0.0,0.0,0.0,0,0,0,0,0,0,0,1
25-04-2018,woensdag,11.5,312.0,120.0,7181.64,15245.0,0.0,0.0,0.0,58548.0,17.0,2.0,90.0,1.0,1.0,0.0,0.0,1.0,0.0,0.0,0.0,0.0,0.0,0.0,0.0,0.0,0.0,0,0,0,0,0,0,0,1
26-04-2018,donderdag,10.3,564.0,84.0,5297.72,11027.0,0.0,0.0,0.0,38142.0,50.0,18.0,63.0,1.0,1.0,0.0,0.0,1.0,0.0,0.0,0.0,0.0,0.0,0.0,0.0,0.0,0.0,0,0,0,0,0,0,0,1
27-04-2018,vrijdag,10.3,186.0,12.0,3710.17,7602.0,0.0,0.0,0.0,24798.0,29.0,5.0,36.0,0.0,0.0,1.0,0.0,0.0,0.0,0.0,0.0,0.0,0.0,0.0,0.0,0.0,0.0,0,0,0,0,0,0,0,1
28-04-2018,zaterdag,11.7,96.0,12.0,4182.96,8648.0,0.0,0.0,0.0,27067.0,13.0,4.0,42.0,0.0,0.0,1.0,0.0,0.0,0.0,0.0,0.0,0.0,0.0,0.0,0.0,0.0,0.0,0,0,0,0,0,0,0,1
29-04-2018,zondag,9.2,24.0,420.0,4974.28,11579.0,0.0,0.0,0.0,33345.0,14.0,5.0,70.0,0.0,0.0,1.0,0.0,0.0,0.0,0.0,0.0,0.0,0.0,0.0,0.0,0.0,0.0,0,0,0,0,0,0,0,1
30-04-2018,maandag,9.5,54.0,786.0,7201.53,16110.0,0.0,0.0,0.0,58016.0,14.0,3.0,85.0,0.0,0.0,1.0,0.0,0.0,0.0,0.0,0.0,0.0,0.0,0.0,0.0,0.0,0.0,0,0,0,0,0,0,0,1
01-05-2018,dinsdag,7.9,486.0,498.0,7280.27,15160.0,0.0,0.0,0.0,55188.0,25.0,3.0,78.0,0.0,0.0,1.0,0.0,0.0,0.0,0.0,0.0,0.0,0.0,0.0,0.0,0.0,0.0,0,0,0,0,0,0,0,1
02-05-2018,woensdag,10.9,672.0,84.0,6797.9,14416.0,0.0,0.0,0.0,51068.0,24.0,6.0,62.0,0.0,0.0,1.0,0.0,0.0,0.0,0.0,0.0,0.0,0.0,0.0,0.0,0.0,0.0,0,0,0,0,0,0,0,1
03-05-2018,donderdag,10.4,828.0,0.0,6016.82,12927.0,8766.66666666667,0.0,8766.66666666667,58899.0,31.0,12.0,45.0,0.0,0.0,1.0,0.0,0.0,0.0,0.0,0.0,0.0,0.0,0.0,0.0,0.0,0.0,0,0,0,0,0,0,0,1
04-05-2018,vrijdag,11.9,828.0,0.0,4989.98,11358.0,8766.66666666667,0.0,8766.66666666667,43889.0,29.0,8.0,43.0,0.0,0.0,1.0,0.0,0.0,0.0,0.0,0.0,0.0,0.0,0.0,0.0,0.0,0.0,0,0,0,0,0,0,0,1
05-05-2018,zaterdag,14.7,840.0,0.0,3780.41,7898.0,8766.66666666667,0.0,8766.66666666667,29143.0,23.0,8.0,26.0,0.0,0.0,1.0,0.0,0.0,0.0,0.0,0.0,0.0,0.0,0.0,0.0,0.0,0.0,0,0,0,0,0,0,0,1
06-05-2018,zondag,17.2,840.0,0.0,4347.02,10136.0,8766.66666666667,4798.03370786517,13564.7003745318,31480.0,17.0,4.0,36.0,0.0,0.0,1.0,0.0,0.0,0.0,0.0,0.0,0.0,0.0,0.0,0.0,0.0,0.0,0,0,0,0,0,0,0,1
07-05-2018,maandag,18.0,852.0,0.0,8902.82,17686.0,8766.66666666667,8437.921348314609,17204.5880149813,92223.0,25.0,8.0,41.0,0.0,0.0,1.0,0.0,0.0,0.0,0.0,0.0,0.0,0.0,0.0,0.0,0.0,0.0,0,0,0,0,0,0,0,1
08-05-2018,dinsdag,19.1,852.0,0.0,10103.25,19839.0,8766.66666666667,9926.96629213483,18693.6329588015,79726.0,63.0,9.0,24.0,0.0,0.0,1.0,0.0,0.0,0.0,0.0,0.0,0.0,0.0,0.0,0.0,0.0,0.0,0,0,0,0,0,0,0,1
09-05-2018,woensdag,17.9,798.0,0.0,12459.12,21659.0,8766.66666666667,11581.4606741573,20348.127340823998,90653.0,19.0,4.0,66.0,0.0,0.0,1.0,0.0,0.0,0.0,0.0,0.0,0.0,0.0,0.0,0.0,0.0,0.0,0,0,0,0,0,0,0,1
10-05-2018,donderdag,12.1,354.0,144.0,16682.35,25691.0,8766.66666666667,12574.157303370801,21340.8239700375,101134.0,30.0,10.0,52.0,0.0,0.0,1.0,0.0,0.0,0.0,0.0,0.0,0.0,0.0,0.0,0.0,0.0,0.0,0,0,0,0,0,0,0,1
11-05-2018,vrijdag,12.3,756.0,0.0,21136.33,32838.0,8766.66666666667,11581.4606741573,20348.127340823998,103540.0,12.0,10.0,46.0,0.0,0.0,1.0,0.0,0.0,0.0,0.0,0.0,0.0,0.0,0.0,0.0,0.0,0.0,0,0,0,0,0,0,0,1
12-05-2018,zaterdag,17.0,408.0,0.0,24469.39,33205.0,0.0,0.0,0.0,96024.0,17.0,7.0,41.0,0.0,0.0,1.0,0.0,0.0,0.0,0.0,0.0,0.0,0.0,0.0,0.0,0.0,0.0,0,0,0,0,0,0,0,1
13-05-2018,zondag,13.1,0.0,276.0,11023.34,17757.0,0.0,0.0,0.0,67983.0,28.0,6.0,29.0,0.0,0.0,1.0,0.0,0.0,0.0,0.0,0.0,0.0,0.0,0.0,0.0,0.0,0.0,0,0,0,0,0,0,0,1
14-05-2018,maandag,18.7,612.0,0.0,6823.99,14219.0,0.0,0.0,0.0,48709.0,15.0,2.0,40.0,0.0,0.0,0.0,0.0,0.0,1.0,0.0,0.0,0.0,0.0,0.0,0.0,0.0,0.0,0,0,0,0,0,0,0,1
15-05-2018,dinsdag,19.2,858.0,0.0,6242.89,13439.0,0.0,0.0,0.0,44690.0,27.0,11.0,46.0,0.0,0.0,0.0,0.0,0.0,1.0,0.0,0.0,0.0,0.0,0.0,0.0,0.0,0.0,0,0,0,0,0,0,0,1
16-05-2018,woensdag,15.3,282.0,18.0,6924.66,14684.0,0.0,0.0,0.0,56003.0,37.0,17.0,47.0,0.0,0.0,0.0,0.0,0.0,1.0,0.0,0.0,0.0,0.0,0.0,0.0,0.0,0.0,0,0,0,0,0,0,0,1
17-05-2018,donderdag,11.4,702.0,0.0,6516.4,13647.0,0.0,0.0,0.0,43656.0,27.0,6.0,17.0,0.0,0.0,0.0,0.0,0.0,1.0,0.0,0.0,0.0,0.0,0.0,0.0,0.0,0.0,0,0,0,0,0,0,0,1
18-05-2018,vrijdag,10.9,288.0,0.0,5664.97,11932.0,0.0,0.0,0.0,38483.0,27.0,6.0,18.0,0.0,0.0,0.0,0.0,0.0,1.0,0.0,0.0,0.0,0.0,0.0,0.0,0.0,0.0,0,0,0,0,0,0,0,1
20-05-2018,zondag,15.4,762.0,0.0,2057.17,6005.0,0.0,0.0,0.0,19757.0,5.0,2.0,5.0,0.0,0.0,0.0,0.0,0.0,1.0,0.0,0.0,0.0,0.0,0.0,0.0,0.0,0.0,0,0,0,0,0,0,0,1
21-05-2018,maandag,19.2,690.0,0.0,2560.08,8370.0,0.0,0.0,0.0,26353.0,19.0,7.0,20.0,0.0,1.0,0.0,0.0,0.0,0.0,0.0,0.0,0.0,0.0,0.0,0.0,0.0,0.0,0,0,0,0,0,0,0,1
22-05-2018,dinsdag,18.3,210.0,36.0,5673.97,13703.0,0.0,0.0,0.0,56865.0,30.0,7.0,113.0,0.0,1.0,0.0,0.0,0.0,0.0,0.0,0.0,0.0,0.0,0.0,0.0,0.0,0.0,0,0,0,0,0,0,0,1
23-05-2018,woensdag,18.8,174.0,66.0,6927.47,14567.0,0.0,0.0,0.0,48191.0,2.0,1.0,148.0,0.0,1.0,0.0,0.0,0.0,0.0,0.0,0.0,0.0,0.0,0.0,0.0,0.0,0.0,0,0,0,0,0,0,0,1
24-05-2018,donderdag,18.3,186.0,42.0,6773.11,14253.0,0.0,0.0,0.0,58452.0,10.0,4.0,150.0,0.0,1.0,0.0,0.0,0.0,0.0,0.0,0.0,0.0,0.0,0.0,0.0,0.0,0.0,0,0,0,0,0,0,0,1
25-05-2018,vrijdag,20.6,630.0,0.0,5603.1,11813.0,0.0,0.0,0.0,51221.0,11.0,6.0,219.0,0.0,1.0,0.0,0.0,0.0,0.0,0.0,0.0,0.0,0.0,0.0,0.0,0.0,0.0,0,0,0,0,0,0,0,1
26-05-2018,zaterdag,23.0,714.0,0.0,3573.23,7447.0,0.0,0.0,0.0,28493.0,8.0,1.0,142.0,0.0,1.0,0.0,0.0,0.0,0.0,0.0,0.0,0.0,0.0,0.0,0.0,0.0,0.0,0,0,0,0,0,0,0,1
27-05-2018,zondag,20.3,186.0,114.0,4495.71,10083.0,0.0,0.0,0.0,31982.0,21.0,5.0,134.0,0.0,1.0,0.0,0.0,0.0,0.0,0.0,0.0,0.0,0.0,0.0,0.0,0.0,0.0,0,0,0,0,0,0,0,1
28-05-2018,maandag,22.5,696.0,18.0,7521.26,14314.0,0.0,0.0,0.0,71207.0,0.0,0.0,157.0,0.0,0.0,0.0,0.0,0.0,0.0,0.0,0.0,0.0,0.0,0.0,0.0,0.0,0.0,0,0,0,0,0,0,0,1
29-05-2018,dinsdag,22.1,480.0,192.0,7364.73,14110.0,0.0,0.0,0.0,64164.0,38.0,15.0,212.0,0.0,0.0,0.0,0.0,0.0,0.0,0.0,0.0,0.0,0.0,0.0,0.0,0.0,0.0,0,0,0,0,0,0,0,0
30-05-2018,woensdag,21.5,516.0,12.0,7827.26,14662.0,0.0,0.0,0.0,57311.0,23.0,8.0,203.0,0.0,0.0,0.0,0.0,0.0,0.0,0.0,0.0,0.0,0.0,0.0,0.0,0.0,0.0,0,0,0,0,0,0,0,0
31-05-2018,donderdag,20.2,462.0,54.0,7134.92,14712.0,0.0,0.0,0.0,68261.0,16.0,2.0,229.0,0.0,0.0,0.0,0.0,0.0,0.0,0.0,0.0,0.0,0.0,0.0,0.0,0.0,0.0,0,0,0,0,0,0,0,0
01-06-2018,vrijdag,17.6,72.0,90.0,6907.08,13910.0,0.0,292.614666666667,292.614666666667,59145.0,24.0,6.0,189.0,0.0,0.0,0.0,0.0,0.0,0.0,0.0,0.0,0.0,0.0,0.0,0.0,0.0,0.0,0,0,0,0,0,0,0,0
02-06-2018,zaterdag,17.0,6.0,90.0,5057.28,10104.0,0.0,292.614666666667,292.614666666667,34955.0,26.0,1.0,174.0,0.0,0.0,0.0,0.0,0.0,0.0,0.0,0.0,0.0,0.0,0.0,0.0,0.0,0.0,0,0,0,0,0,0,0,0
03-06-2018,zondag,19.3,276.0,0.0,5417.1,11064.0,0.0,292.614666666667,292.614666666667,33745.0,11.0,1.0,98.0,0.0,0.0,0.0,0.0,0.0,0.0,0.0,0.0,0.0,0.0,0.0,0.0,0.0,0.0,0,0,0,0,0,0,0,0
04-06-2018,maandag,18.2,294.0,0.0,8695.58,16752.0,0.0,292.614666666667,292.614666666667,72656.0,20.0,0.0,48.0,0.0,0.0,0.0,0.0,0.0,0.0,0.0,1.0,0.0,0.0,0.0,0.0,0.0,0.0,0,0,0,0,0,0,0,1
05-06-2018,dinsdag,16.7,474.0,0.0,8230.84,15768.0,0.0,292.614666666667,292.614666666667,51247.0,17.0,2.0,58.0,0.0,0.0,0.0,0.0,0.0,0.0,0.0,1.0,0.0,0.0,0.0,0.0,0.0,0.0,0,0,0,0,0,0,0,1
06-06-2018,woensdag,19.8,852.0,0.0,7404.89,14712.0,0.0,292.614666666667,292.614666666667,44866.0,35.0,7.0,80.0,0.0,0.0,0.0,0.0,0.0,0.0,0.0,1.0,0.0,0.0,0.0,0.0,0.0,0.0,0,0,0,0,0,0,0,1
07-06-2018,donderdag,22.4,876.0,0.0,6974.67,14466.0,0.0,7580.953558282209,7580.953558282209,61026.0,13.0,5.0,50.0,0.0,0.0,0.0,0.0,0.0,0.0,0.0,1.0,0.0,0.0,0.0,0.0,0.0,0.0,0,0,0,0,0,0,0,1
08-06-2018,vrijdag,18.5,0.0,216.0,6735.04,13851.0,0.0,6366.22963190184,6366.22963190184,45155.0,31.0,7.0,58.0,0.0,0.0,0.0,0.0,0.0,0.0,0.0,1.0,0.0,0.0,0.0,0.0,0.0,0.0,0,0,0,0,0,0,0,1
09-06-2018,zaterdag,19.8,522.0,0.0,3185.64,7057.0,0.0,5151.50570552147,5151.50570552147,20975.0,50.0,7.0,64.0,0.0,0.0,0.0,0.0,0.0,0.0,0.0,1.0,0.0,0.0,0.0,0.0,0.0,0.0,0,0,0,0,0,0,0,1
10-06-2018,zondag,18.2,588.0,0.0,4779.91,11274.0,0.0,5353.95969325153,5353.95969325153,35224.0,8.0,4.0,153.0,0.0,0.0,0.0,0.0,0.0,0.0,0.0,1.0,0.0,0.0,0.0,0.0,0.0,0.0,0,0,0,0,0,0,0,1
11-06-2018,maandag,16.9,768.0,0.0,3037.25,6041.0,0.0,8188.31552147239,8188.31552147239,34273.0,23.0,5.0,59.0,1.0,1.0,1.0,1.0,0.0,0.0,0.0,0.0,0.0,0.0,0.0,0.0,0.0,0.0,0,0,0,0,0,0,0,1
12-06-2018,dinsdag,14.8,36.0,0.0,1145.23,1025.0,0.0,3531.8738036809796,3531.8738036809796,592.0,0.0,0.0,0.0,1.0,1.0,1.0,1.0,0.0,0.0,0.0,0.0,0.0,0.0,0.0,0.0,0.0,0.0,0,0,0,0,0,0,0,1
13-06-2018,woensdag,14.7,330.0,0.0,7979.13,14943.0,0.0,7783.40754601227,7783.40754601227,107193.0,20.0,8.0,371.0,1.0,1.0,1.0,1.0,0.0,0.0,0.0,0.0,0.0,0.0,0.0,0.0,0.0,0.0,0,0,0,0,0,0,0,1
14-06-2018,donderdag,15.7,192.0,72.0,11124.15,25082.0,0.0,13654.573190184099,13654.573190184099,133929.0,24.0,6.0,527.0,1.0,1.0,1.0,1.0,0.0,0.0,0.0,0.0,0.0,0.0,0.0,0.0,0.0,0.0,0,0,0,0,0,0,0,1
15-06-2018,vrijdag,18.8,498.0,0.0,11639.7,19314.0,0.0,11022.6713496933,11022.6713496933,89384.0,17.0,5.0,389.0,1.0,1.0,1.0,1.0,0.0,0.0,0.0,0.0,0.0,0.0,0.0,0.0,0.0,0.0,0,0,0,0,0,0,0,1
16-06-2018,zaterdag,17.5,192.0,0.0,11934.74,20704.0,0.0,9605.493435582819,9605.493435582819,71216.0,14.0,4.0,204.0,1.0,1.0,1.0,1.0,0.0,0.0,0.0,0.0,0.0,0.0,0.0,0.0,0.0,0.0,0,0,0,0,0,0,0,1
17-06-2018,zondag,15.6,24.0,0.0,7915.23,15965.0,0.0,292.614666666667,292.614666666667,53867.0,19.0,2.0,72.0,1.0,1.0,1.0,1.0,0.0,0.0,0.0,0.0,0.0,0.0,0.0,0.0,0.0,0.0,0,0,0,0,0,0,0,1
18-06-2018,maandag,16.7,126.0,0.0,10217.17,17630.0,0.0,292.614666666667,292.614666666667,51752.0,29.0,8.0,52.0,0.0,1.0,0.0,0.0,0.0,0.0,0.0,0.0,0.0,0.0,0.0,0.0,0.0,0.0,0,0,0,0,0,0,0,1
19-06-2018,dinsdag,17.7,6.0,0.0,8887.29,16666.0,0.0,292.614666666667,292.614666666667,63023.0,46.0,23.0,43.0,0.0,1.0,0.0,0.0,0.0,0.0,0.0,0.0,0.0,0.0,0.0,0.0,0.0,0.0,0,0,0,0,0,0,0,1
20-06-2018,woensdag,19.1,456.0,0.0,8783.75,15982.0,0.0,292.614666666667,292.614666666667,49042.0,15.0,2.0,28.0,0.0,1.0,0.0,0.0,0.0,0.0,0.0,0.0,0.0,0.0,0.0,0.0,0.0,0.0,0,0,0,0,0,0,0,1
21-06-2018,donderdag,14.4,486.0,0.0,9367.23,16212.0,0.0,292.614666666667,292.614666666667,47308.0,16.0,3.0,30.0,0.0,1.0,0.0,0.0,0.0,0.0,0.0,0.0,0.0,0.0,0.0,0.0,0.0,0.0,0,0,0,0,0,0,0,1
22-06-2018,vrijdag,13.3,90.0,0.0,8464.68,15891.0,0.0,292.614666666667,292.614666666667,54357.0,11.0,0.0,39.0,0.0,1.0,0.0,0.0,0.0,0.0,0.0,0.0,0.0,0.0,0.0,0.0,0.0,0.0,0,0,0,0,0,0,0,1
23-06-2018,zaterdag,15.1,294.0,0.0,5545.78,10100.0,0.0,292.614666666667,292.614666666667,31304.0,5.0,0.0,30.0,0.0,1.0,0.0,0.0,0.0,0.0,0.0,0.0,0.0,0.0,0.0,0.0,0.0,0.0,0,0,0,0,0,0,0,1
24-06-2018,zondag,14.7,42.0,0.0,6318.41,12489.0,0.0,292.614666666667,292.614666666667,36526.0,23.0,3.0,31.0,0.0,1.0,0.0,0.0,0.0,0.0,0.0,0.0,0.0,0.0,0.0,0.0,0.0,0.0,0,0,0,0,0,0,0,1
25-06-2018,maandag,16.5,576.0,0.0,9496.04,17193.0,0.0,6739.5330769230795,6739.5330769230795,69919.0,50.0,12.0,35.0,0.0,0.0,1.0,0.0,0.0,0.0,0.0,0.0,0.0,0.0,0.0,0.0,0.0,0.0,0,0,0,0,0,0,0,1
26-06-2018,dinsdag,16.0,750.0,0.0,9169.52,16216.0,0.0,6549.91769230769,6549.91769230769,80087.0,24.0,2.0,28.0,0.0,0.0,1.0,0.0,0.0,0.0,0.0,0.0,0.0,0.0,0.0,0.0,0.0,0.0,0,0,0,0,0,0,0,1
27-06-2018,woensdag,17.9,750.0,0.0,9148.96,16037.0,0.0,5222.61,5222.61,67213.0,27.0,7.0,23.0,0.0,0.0,1.0,0.0,0.0,0.0,0.0,0.0,0.0,0.0,0.0,0.0,0.0,0.0,0,0,0,0,0,0,0,1
28-06-2018,donderdag,21.2,870.0,0.0,7848.15,14217.0,0.0,5601.84076923077,5601.84076923077,52551.0,11.0,2.0,25.0,0.0,0.0,1.0,0.0,0.0,0.0,0.0,0.0,0.0,0.0,0.0,0.0,0.0,0.0,0,0,0,0,0,0,0,1
29-06-2018,vrijdag,19.5,918.0,0.0,7478.39,13378.0,0.0,6170.68692307692,6170.68692307692,57547.0,10.0,2.0,24.0,0.0,0.0,1.0,0.0,0.0,0.0,0.0,0.0,0.0,0.0,0.0,0.0,0.0,0.0,0,0,0,0,0,0,0,1
30-06-2018,zaterdag,21.3,864.0,0.0,4268.68,8528.0,0.0,5791.45615384615,5791.45615384615,32932.0,15.0,3.0,18.0,0.0,0.0,1.0,0.0,0.0,0.0,0.0,0.0,0.0,0.0,0.0,0.0,0.0,0.0,0,0,0,0,0,0,0,1
01-07-2018,zondag,21.3,918.0,0.0,4993.42,10180.0,0.0,5402.79538461539,5402.79538461539,32558.0,12.0,2.0,30.0,0.0,0.0,1.0,0.0,0.0,0.0,0.0,0.0,0.0,0.0,0.0,0.0,0.0,0.0,0,0,0,0,0,0,0,1
02-07-2018,maandag,20.6,918.0,0.0,8405.89,16421.0,0.0,283.17548387096804,283.17548387096804,58540.0,6.0,0.0,27.0,0.0,0.0,0.0,0.0,0.0,0.0,0.0,0.0,0.0,0.0,0.0,0.0,0.0,0.0,0,0,0,0,0,0,0,1
03-07-2018,dinsdag,19.6,918.0,0.0,5669.31,10107.0,0.0,283.17548387096804,283.17548387096804,46398.0,16.0,5.0,18.0,0.0,0.0,0.0,0.0,0.0,0.0,0.0,0.0,0.0,0.0,0.0,0.0,0.0,0.0,0,0,0,0,0,0,0,1
04-07-2018,woensdag,19.2,714.0,0.0,7865.8,15009.0,0.0,283.17548387096804,283.17548387096804,48919.0,13.0,3.0,21.0,0.0,0.0,0.0,0.0,0.0,0.0,0.0,0.0,0.0,0.0,0.0,0.0,0.0,0.0,0,0,0,0,0,0,0,1
05-07-2018,donderdag,18.9,804.0,0.0,7939.74,15303.0,0.0,283.17548387096804,283.17548387096804,44842.0,7.0,4.0,25.0,0.0,0.0,0.0,0.0,0.0,0.0,0.0,0.0,0.0,0.0,0.0,0.0,0.0,0.0,0,0,0,0,0,0,0,1
06-07-2018,vrijdag,19.5,384.0,0.0,6881.73,13364.0,0.0,283.17548387096804,283.17548387096804,40263.0,13.0,9.0,18.0,0.0,0.0,0.0,0.0,0.0,0.0,0.0,0.0,0.0,0.0,0.0,0.0,0.0,0.0,0,0,0,0,0,0,0,1
07-07-2018,zaterdag,18.3,714.0,0.0,4740.33,9088.0,0.0,283.17548387096804,283.17548387096804,27773.0,11.0,3.0,9.0,0.0,0.0,0.0,0.0,0.0,0.0,0.0,0.0,0.0,0.0,0.0,0.0,0.0,0.0,0,0,0,0,0,0,0,1
08-07-2018,zondag,18.6,888.0,0.0,5048.7,10514.0,0.0,283.17548387096804,283.17548387096804,29146.0,1.0,0.0,19.0,0.0,0.0,0.0,0.0,0.0,0.0,0.0,0.0,0.0,0.0,0.0,0.0,0.0,0.0,0,0,0,0,0,0,0,1
09-07-2018,maandag,17.5,132.0,0.0,8306.91,15759.0,0.0,283.17548387096804,283.17548387096804,52066.0,34.0,5.0,13.0,0.0,0.0,0.0,0.0,0.0,0.0,0.0,0.0,0.0,0.0,0.0,0.0,0.0,0.0,0,0,0,0,1,0,0,0
10-07-2018,dinsdag,16.1,252.0,24.0,8784.38,15936.0,0.0,283.17548387096804,283.17548387096804,55089.0,11.0,5.0,31.0,0.0,0.0,0.0,0.0,0.0,0.0,0.0,0.0,0.0,0.0,0.0,0.0,0.0,0.0,0,0,0,0,1,0,0,0
11-07-2018,woensdag,17.8,474.0,0.0,7392.09,14107.0,0.0,283.17548387096804,283.17548387096804,46546.0,63.0,19.0,21.0,0.0,0.0,0.0,0.0,0.0,0.0,0.0,0.0,0.0,0.0,0.0,0.0,0.0,0.0,0,0,0,0,1,0,0,0
12-07-2018,donderdag,19.0,684.0,0.0,6556.4,12667.0,0.0,283.17548387096804,283.17548387096804,45833.0,6.0,2.0,18.0,0.0,0.0,0.0,0.0,0.0,0.0,0.0,0.0,0.0,0.0,0.0,0.0,0.0,0.0,0,0,0,0,1,0,0,0
13-07-2018,vrijdag,18.5,666.0,0.0,6257.62,11574.0,0.0,283.17548387096804,283.17548387096804,36718.0,16.0,2.0,13.0,0.0,0.0,0.0,0.0,0.0,0.0,0.0,0.0,0.0,0.0,0.0,0.0,0.0,0.0,0,0,0,0,1,0,0,0
14-07-2018,zaterdag,18.8,888.0,0.0,3992.91,7535.0,0.0,283.17548387096804,283.17548387096804,24975.0,8.0,5.0,7.0,0.0,0.0,0.0,0.0,0.0,0.0,0.0,0.0,0.0,0.0,0.0,0.0,0.0,0.0,0,0,0,0,1,0,0,0
15-07-2018,zondag,20.8,840.0,0.0,4122.15,8321.0,0.0,283.17548387096804,283.17548387096804,25630.0,13.0,3.0,13.0,0.0,0.0,0.0,0.0,0.0,0.0,0.0,0.0,0.0,0.0,0.0,0.0,0.0,0.0,0,0,0,0,1,0,0,0
16-07-2018,maandag,22.6,822.0,0.0,6423.77,12602.0,0.0,283.17548387096804,283.17548387096804,38443.0,15.0,7.0,23.0,1.0,0.0,1.0,1.0,0.0,0.0,0.0,0.0,1.0,0.0,0.0,0.0,0.0,0.0,0,0,0,0,0,0,0,1
17-07-2018,dinsdag,20.0,762.0,0.0,6675.17,12716.0,0.0,283.17548387096804,283.17548387096804,50344.0,21.0,1.0,22.0,1.0,0.0,1.0,1.0,0.0,0.0,0.0,0.0,1.0,0.0,0.0,0.0,0.0,0.0,0,0,0,0,0,0,0,1
18-07-2018,woensdag,19.1,588.0,0.0,6574.59,12443.0,0.0,283.17548387096804,283.17548387096804,39814.0,9.0,3.0,26.0,1.0,0.0,1.0,1.0,0.0,0.0,0.0,0.0,1.0,0.0,0.0,0.0,0.0,0.0,0,0,0,0,0,0,0,1
19-07-2018,donderdag,19.6,588.0,0.0,6311.21,12064.0,0.0,283.17548387096804,283.17548387096804,39292.0,13.0,5.0,15.0,1.0,0.0,1.0,1.0,0.0,0.0,0.0,0.0,1.0,0.0,0.0,0.0,0.0,0.0,0,0,0,0,0,0,0,1
20-07-2018,vrijdag,19.1,744.0,0.0,5918.24,11289.0,0.0,283.17548387096804,283.17548387096804,46199.0,12.0,3.0,14.0,1.0,0.0,1.0,1.0,0.0,0.0,0.0,0.0,1.0,0.0,0.0,0.0,0.0,0.0,0,0,0,0,0,0,0,1
21-07-2018,zaterdag,21.1,846.0,0.0,3527.27,7244.0,0.0,283.17548387096804,283.17548387096804,24484.0,6.0,1.0,9.0,1.0,0.0,1.0,1.0,0.0,0.0,0.0,0.0,1.0,0.0,0.0,0.0,0.0,0.0,0,0,0,0,0,0,0,1
22-07-2018,zondag,20.6,648.0,0.0,4119.49,8428.0,0.0,283.17548387096804,283.17548387096804,25182.0,34.0,4.0,15.0,1.0,0.0,1.0,1.0,0.0,0.0,0.0,0.0,1.0,0.0,0.0,0.0,0.0,0.0,0,0,0,0,0,0,0,1
23-07-2018,maandag,22.5,882.0,0.0,6126.19,11902.0,0.0,283.17548387096804,283.17548387096804,49722.0,6.0,2.0,20.0,0.0,0.0,0.0,0.0,0.0,0.0,0.0,0.0,0.0,0.0,0.0,0.0,0.0,0.0,0,0,1,0,0,0,0,0
24-07-2018,dinsdag,24.6,606.0,0.0,5415.27,10839.0,0.0,283.17548387096804,283.17548387096804,49680.0,20.0,3.0,10.0,0.0,0.0,0.0,0.0,0.0,0.0,0.0,0.0,0.0,0.0,0.0,0.0,0.0,0.0,0,0,1,0,0,0,0,0
25-07-2018,woensdag,24.4,456.0,0.0,5536.86,10904.0,0.0,283.17548387096804,283.17548387096804,53734.0,9.0,5.0,32.0,0.0,0.0,0.0,0.0,0.0,0.0,0.0,0.0,0.0,0.0,0.0,0.0,0.0,0.0,0,0,1,0,0,0,0,0
26-07-2018,donderdag,27.7,708.0,0.0,5526.34,10287.0,0.0,283.17548387096804,283.17548387096804,51353.0,9.0,2.0,23.0,0.0,0.0,0.0,0.0,0.0,0.0,0.0,0.0,0.0,0.0,0.0,0.0,0.0,0.0,0,0,1,0,0,0,0,0
27-07-2018,vrijdag,29.7,792.0,0.0,4485.3,9495.0,0.0,283.17548387096804,283.17548387096804,47672.0,15.0,2.0,14.0,0.0,0.0,0.0,0.0,0.0,0.0,0.0,0.0,0.0,0.0,0.0,0.0,0.0,0.0,0,0,1,0,0,0,0,0
28-07-2018,zaterdag,20.3,426.0,120.0,3642.88,7576.0,0.0,283.17548387096804,283.17548387096804,31329.0,7.0,1.0,22.0,0.0,0.0,0.0,0.0,0.0,0.0,0.0,0.0,0.0,0.0,0.0,0.0,0.0,0.0,0,0,1,0,0,0,0,0
29-07-2018,zondag,21.3,264.0,0.0,4315.11,9137.0,0.0,283.17548387096804,283.17548387096804,31912.0,23.0,1.0,312.0,0.0,0.0,0.0,0.0,0.0,0.0,0.0,0.0,0.0,0.0,0.0,0.0,0.0,0.0,0,0,1,0,0,0,0,0
30-07-2018,maandag,24.0,558.0,0.0,6286.52,13606.0,0.0,283.17548387096804,283.17548387096804,51897.0,5.0,1.0,373.0,0.0,0.0,0.0,0.0,0.0,0.0,0.0,0.0,0.0,0.0,0.0,0.0,0.0,0.0,0,0,0,0,1,0,0,0
31-07-2018,dinsdag,20.6,552.0,0.0,6147.7,12970.0,0.0,283.17548387096804,283.17548387096804,45878.0,12.0,3.0,294.0,0.0,0.0,0.0,0.0,0.0,0.0,0.0,0.0,0.0,0.0,0.0,0.0,0.0,0.0,0,0,0,0,1,0,0,0
01-08-2018,woensdag,20.4,618.0,0.0,5967.02,12466.0,0.0,283.17548387096804,283.17548387096804,43235.0,42.0,7.0,390.0,0.0,0.0,0.0,0.0,0.0,0.0,0.0,0.0,0.0,0.0,0.0,0.0,0.0,0.0,0,0,0,0,1,0,0,0
02-08-2018,donderdag,22.6,798.0,0.0,5768.39,11652.0,0.0,283.17548387096804,283.17548387096804,38371.0,54.0,28.0,188.0,0.0,0.0,0.0,0.0,0.0,0.0,0.0,0.0,0.0,0.0,0.0,0.0,0.0,0.0,0,0,0,0,1,0,0,0
03-08-2018,vrijdag,23.9,798.0,0.0,5103.05,10373.0,0.0,283.17548387096804,283.17548387096804,43690.0,3.0,1.0,193.0,0.0,0.0,0.0,0.0,0.0,0.0,0.0,0.0,0.0,0.0,0.0,0.0,0.0,0.0,0,0,0,0,1,0,0,0
04-08-2018,zaterdag,22.4,588.0,0.0,3627.32,7288.0,0.0,283.17548387096804,283.17548387096804,26962.0,17.0,4.0,107.0,0.0,0.0,0.0,0.0,0.0,0.0,0.0,0.0,0.0,0.0,0.0,0.0,0.0,0.0,0,0,0,0,1,0,0,0
05-08-2018,zondag,20.5,744.0,0.0,4063.56,8372.0,0.0,283.17548387096804,283.17548387096804,27665.0,17.0,4.0,114.0,0.0,0.0,0.0,0.0,0.0,0.0,0.0,0.0,0.0,0.0,0.0,0.0,0.0,0.0,0,0,0,0,1,0,0,0
06-08-2018,maandag,23.1,840.0,0.0,6171.85,12086.0,0.0,283.17548387096804,283.17548387096804,45269.0,36.0,9.0,174.0,0.0,0.0,0.0,0.0,0.0,0.0,0.0,0.0,0.0,0.0,0.0,0.0,0.0,0.0,0,0,0,0,0,0,1,0
07-08-2018,dinsdag,25.9,654.0,48.0,5697.43,11592.0,0.0,283.17548387096804,283.17548387096804,45240.0,14.0,4.0,124.0,0.0,0.0,0.0,0.0,0.0,0.0,0.0,0.0,0.0,0.0,0.0,0.0,0.0,0.0,0,0,0,0,0,0,1,0
08-08-2018,woensdag,19.6,252.0,114.0,5820.72,11967.0,0.0,283.17548387096804,283.17548387096804,53543.0,6.0,4.0,168.0,0.0,0.0,0.0,0.0,0.0,0.0,0.0,0.0,0.0,0.0,0.0,0.0,0.0,0.0,0,0,0,0,0,0,1,0
09-08-2018,donderdag,17.2,186.0,270.0,5657.72,12040.0,0.0,283.17548387096804,283.17548387096804,41671.0,7.0,2.0,136.0,0.0,0.0,0.0,0.0,0.0,0.0,0.0,0.0,0.0,0.0,0.0,0.0,0.0,0.0,0,0,0,0,0,0,1,0
10-08-2018,vrijdag,16.5,474.0,300.0,5044.89,11186.0,0.0,283.17548387096804,283.17548387096804,44330.0,7.0,3.0,127.0,0.0,0.0,0.0,0.0,0.0,0.0,0.0,0.0,0.0,0.0,0.0,0.0,0.0,0.0,0,0,0,0,0,0,1,0
11-08-2018,zaterdag,15.6,654.0,36.0,3902.32,8004.0,0.0,283.17548387096804,283.17548387096804,29935.0,7.0,2.0,74.0,0.0,0.0,0.0,0.0,0.0,0.0,0.0,0.0,0.0,0.0,0.0,0.0,0.0,0.0,0,0,0,0,0,0,1,0
12-08-2018,zondag,19.8,174.0,0.0,4194.47,9233.0,0.0,283.17548387096804,283.17548387096804,29417.0,5.0,1.0,63.0,0.0,0.0,0.0,0.0,0.0,0.0,0.0,0.0,0.0,0.0,0.0,0.0,0.0,0.0,0,0,0,0,0,0,1,0
13-08-2018,maandag,18.7,156.0,150.0,6567.92,13804.0,0.0,283.17548387096804,283.17548387096804,46613.0,23.0,3.0,111.0,0.0,0.0,0.0,0.0,0.0,0.0,0.0,0.0,0.0,1.0,0.0,0.0,0.0,0.0,0,0,0,0,0,0,0,1
14-08-2018,dinsdag,18.8,372.0,36.0,6193.53,12893.0,0.0,283.17548387096804,283.17548387096804,49097.0,11.0,6.0,113.0,0.0,0.0,0.0,0.0,0.0,0.0,0.0,0.0,0.0,1.0,0.0,0.0,0.0,0.0,0,0,0,0,0,0,0,1
15-08-2018,woensdag,19.7,90.0,0.0,5380.61,12563.0,0.0,283.17548387096804,283.17548387096804,41907.0,60.0,10.0,112.0,0.0,0.0,0.0,0.0,0.0,0.0,0.0,0.0,0.0,1.0,0.0,0.0,0.0,0.0,0,0,0,0,0,0,0,1
16-08-2018,donderdag,18.4,474.0,48.0,4980.57,11975.0,0.0,283.17548387096804,283.17548387096804,41561.0,37.0,10.0,101.0,0.0,0.0,0.0,0.0,0.0,0.0,0.0,0.0,0.0,1.0,0.0,0.0,0.0,0.0,0,0,0,0,0,0,0,1
17-08-2018,vrijdag,17.4,534.0,162.0,4509.11,10854.0,0.0,283.17548387096804,283.17548387096804,37323.0,8.0,4.0,52.0,0.0,0.0,0.0,0.0,0.0,0.0,0.0,0.0,0.0,1.0,0.0,0.0,0.0,0.0,0,0,0,0,0,0,0,1
18-08-2018,zaterdag,17.8,288.0,0.0,3435.89,7942.0,0.0,283.17548387096804,283.17548387096804,28608.0,15.0,5.0,23.0,0.0,0.0,0.0,0.0,0.0,0.0,0.0,0.0,0.0,1.0,0.0,0.0,0.0,0.0,0,0,0,0,0,0,0,1
19-08-2018,zondag,19.4,12.0,0.0,4017.59,9375.0,0.0,283.17548387096804,283.17548387096804,29148.0,5.0,1.0,49.0,0.0,0.0,0.0,0.0,0.0,0.0,0.0,0.0,0.0,1.0,0.0,0.0,0.0,0.0,0,0,0,0,0,0,0,1
20-08-2018,maandag,19.6,216.0,0.0,6198.94,13390.0,0.0,283.17548387096804,283.17548387096804,44932.0,4.0,2.0,60.0,0.0,0.0,0.0,0.0,0.0,0.0,0.0,0.0,0.0,0.0,0.0,0.0,0.0,0.0,0,0,0,0,1,0,0,0
21-08-2018,dinsdag,20.0,348.0,0.0,6416.4,13779.0,0.0,283.17548387096804,283.17548387096804,62755.0,5.0,4.0,54.0,0.0,0.0,0.0,0.0,0.0,0.0,0.0,0.0,0.0,0.0,0.0,0.0,0.0,0.0,0,0,0,0,1,0,0,0
22-08-2018,woensdag,19.5,612.0,0.0,6522.48,13311.0,0.0,283.17548387096804,283.17548387096804,48674.0,10.0,10.0,54.0,0.0,0.0,0.0,0.0,0.0,0.0,0.0,0.0,0.0,0.0,0.0,0.0,0.0,0.0,0,0,0,0,1,0,0,0
23-08-2018,donderdag,18.3,42.0,54.0,6581.44,13768.0,0.0,283.17548387096804,283.17548387096804,47885.0,8.0,5.0,39.0,0.0,0.0,0.0,0.0,0.0,0.0,0.0,0.0,0.0,0.0,0.0,0.0,0.0,0.0,0,0,0,0,1,0,0,0
24-08-2018,vrijdag,15.5,504.0,132.0,6208.97,13198.0,0.0,283.17548387096804,283.17548387096804,53975.0,26.0,4.0,52.0,0.0,0.0,0.0,0.0,0.0,0.0,0.0,0.0,0.0,0.0,0.0,0.0,0.0,0.0,0,0,0,0,1,0,0,0
25-08-2018,zaterdag,12.7,402.0,432.0,4148.61,9075.0,0.0,283.17548387096804,283.17548387096804,34766.0,6.0,1.0,32.0,0.0,0.0,0.0,0.0,0.0,0.0,0.0,0.0,0.0,0.0,0.0,0.0,0.0,0.0,0,0,0,0,1,0,0,0
26-08-2018,zondag,14.5,366.0,132.0,4209.2,10248.0,0.0,283.17548387096804,283.17548387096804,33492.0,15.0,3.0,41.0,0.0,0.0,0.0,0.0,0.0,0.0,0.0,0.0,0.0,0.0,0.0,0.0,0.0,0.0,0,0,0,0,1,0,0,0
27-08-2018,maandag,17.1,54.0,54.0,6413.04,14143.0,0.0,4617.81107142857,4617.81107142857,60125.0,14.0,6.0,52.0,0.0,0.0,0.0,0.0,0.0,0.0,0.0,0.0,0.0,0.0,0.0,0.0,0.0,0.0,0,0,0,0,0,0,1,0
28-08-2018,dinsdag,16.7,258.0,0.0,7165.22,15366.0,0.0,4617.81107142857,4617.81107142857,74525.0,51.0,7.0,56.0,0.0,0.0,0.0,0.0,0.0,0.0,0.0,0.0,0.0,0.0,0.0,0.0,0.0,0.0,0,0,0,0,0,0,1,0
29-08-2018,woensdag,14.7,120.0,222.0,7755.35,15816.0,0.0,4617.81107142857,4617.81107142857,53469.0,31.0,2.0,42.0,0.0,0.0,0.0,0.0,0.0,0.0,0.0,0.0,0.0,0.0,0.0,0.0,0.0,0.0,0,0,0,0,0,0,1,0
30-08-2018,donderdag,15.0,564.0,0.0,7384.46,14500.0,0.0,4617.81107142857,4617.81107142857,72269.0,22.0,4.0,46.0,0.0,0.0,0.0,0.0,0.0,0.0,0.0,0.0,0.0,0.0,0.0,0.0,0.0,0.0,0,0,0,0,0,0,1,0
31-08-2018,vrijdag,12.4,126.0,0.0,7694.21,13305.0,0.0,4617.81107142857,4617.81107142857,50301.0,17.0,9.0,38.0,0.0,0.0,0.0,0.0,0.0,0.0,0.0,0.0,0.0,0.0,0.0,0.0,0.0,0.0,0,0,0,0,0,0,1,0
01-09-2018,zaterdag,13.5,624.0,0.0,4410.38,8693.0,0.0,4627.241071428571,4627.241071428571,32220.0,32.0,7.0,14.0,0.0,0.0,0.0,0.0,0.0,0.0,0.0,0.0,0.0,0.0,0.0,0.0,0.0,0.0,0,0,0,0,0,0,1,0
02-09-2018,zondag,15.9,606.0,0.0,5061.48,10423.0,0.0,4627.241071428571,4627.241071428571,33112.0,13.0,3.0,19.0,0.0,0.0,0.0,0.0,0.0,0.0,0.0,0.0,0.0,0.0,0.0,0.0,0.0,0.0,0,0,0,0,0,0,1,0
03-09-2018,maandag,18.6,96.0,0.0,8789.1,15333.0,0.0,4627.241071428571,4627.241071428571,59994.0,25.0,6.0,30.0,0.0,0.0,0.0,0.0,0.0,0.0,0.0,0.0,0.0,0.0,0.0,0.0,0.0,0.0,0,0,0,0,0,0,1,0
04-09-2018,dinsdag,20.6,216.0,0.0,7789.68,14419.0,0.0,9278.26857142857,9278.26857142857,50275.0,4.0,1.0,31.0,0.0,0.0,0.0,0.0,0.0,0.0,0.0,0.0,0.0,0.0,0.0,0.0,0.0,0.0,1,0,0,0,0,0,0,0
05-09-2018,woensdag,19.0,198.0,102.0,7702.36,15318.0,0.0,9278.26857142857,9278.26857142857,49221.0,63646.0,8.0,32.0,0.0,0.0,0.0,0.0,0.0,0.0,0.0,0.0,0.0,0.0,0.0,0.0,0.0,0.0,1,0,0,0,0,0,0,0
06-09-2018,donderdag,16.6,60.0,216.0,7825.66,15727.0,0.0,9278.26857142857,9278.26857142857,61180.0,72539.0,3.0,25.0,0.0,0.0,0.0,0.0,0.0,0.0,0.0,0.0,0.0,0.0,0.0,0.0,0.0,0.0,1,0,0,0,0,0,0,0
07-09-2018,vrijdag,14.6,510.0,216.0,6447.34,13566.0,0.0,9278.26857142857,9278.26857142857,45063.0,7.0,1.0,25.0,0.0,0.0,0.0,0.0,0.0,0.0,0.0,0.0,0.0,0.0,0.0,0.0,0.0,0.0,1,0,0,0,0,0,0,0
08-09-2018,zaterdag,14.8,240.0,0.0,4143.38,9147.0,0.0,9278.26857142857,9278.26857142857,31468.0,27.0,4.0,11.0,0.0,0.0,0.0,0.0,0.0,0.0,0.0,0.0,0.0,0.0,0.0,0.0,0.0,0.0,1,0,0,0,0,0,0,0
09-09-2018,zondag,18.3,330.0,0.0,5285.59,11327.0,0.0,9278.26857142857,9278.26857142857,34674.0,15.0,7.0,23.0,0.0,0.0,0.0,0.0,0.0,0.0,0.0,0.0,0.0,0.0,0.0,0.0,0.0,0.0,1,0,0,0,0,0,0,0
10-09-2018,maandag,17.4,54.0,0.0,7817.71,15417.0,0.0,292.614666666667,292.614666666667,45746.0,5.0,1.0,60.0,0.0,0.0,0.0,0.0,1.0,1.0,0.0,0.0,0.0,0.0,0.0,0.0,0.0,0.0,0,0,0,0,0,0,0,1
11-09-2018,dinsdag,18.8,120.0,0.0,7833.87,15052.0,0.0,292.614666666667,292.614666666667,45771.0,11.0,4.0,66.0,0.0,0.0,0.0,0.0,1.0,1.0,0.0,0.0,0.0,0.0,0.0,0.0,0.0,0.0,0,0,0,0,0,0,0,1
12-09-2018,woensdag,15.3,12.0,54.0,7619.47,15159.0,0.0,292.614666666667,292.614666666667,45068.0,18.0,9.0,45.0,0.0,0.0,0.0,0.0,1.0,1.0,0.0,0.0,0.0,0.0,0.0,0.0,0.0,0.0,0,0,0,0,0,0,0,1
13-09-2018,donderdag,13.0,696.0,0.0,7573.34,14777.0,0.0,292.614666666667,292.614666666667,55818.0,10.0,6.0,42.0,0.0,0.0,0.0,0.0,1.0,1.0,0.0,0.0,0.0,0.0,0.0,0.0,0.0,0.0,0,0,0,0,0,0,0,1
14-09-2018,vrijdag,13.5,456.0,0.0,6435.5,13214.0,0.0,292.614666666667,292.614666666667,41576.0,9.0,0.0,34.0,0.0,0.0,0.0,0.0,1.0,1.0,0.0,0.0,0.0,0.0,0.0,0.0,0.0,0.0,0,0,0,0,0,0,0,1
15-09-2018,zaterdag,14.7,366.0,24.0,4113.44,9004.0,0.0,292.614666666667,292.614666666667,30855.0,12.0,3.0,24.0,0.0,0.0,0.0,0.0,1.0,1.0,0.0,0.0,0.0,0.0,0.0,0.0,0.0,0.0,0,0,0,0,0,0,0,1
16-09-2018,zondag,14.6,306.0,0.0,4525.71,10962.0,0.0,292.614666666667,292.614666666667,31696.0,3.0,0.0,32.0,0.0,0.0,0.0,0.0,1.0,1.0,0.0,0.0,0.0,0.0,0.0,0.0,0.0,0.0,0,0,0,0,0,0,0,1
17-09-2018,maandag,15.3,624.0,0.0,7841.53,15714.0,0.0,292.614666666667,292.614666666667,51705.0,7.0,40.0,47.0,0.0,0.0,0.0,0.0,0.0,0.0,0.0,0.0,0.0,0.0,0.0,0.0,0.0,0.0,0,0,0,0,1,0,0,0
18-09-2018,dinsdag,18.9,684.0,0.0,7469.55,15215.0,0.0,292.614666666667,292.614666666667,53875.0,10.0,29.0,34.0,0.0,0.0,0.0,0.0,0.0,0.0,0.0,0.0,0.0,0.0,0.0,0.0,0.0,0.0,0,0,0,0,1,0,0,0
19-09-2018,woensdag,19.1,492.0,0.0,7797.01,15755.0,0.0,292.614666666667,292.614666666667,46781.0,74.0,15.0,37.0,0.0,0.0,0.0,0.0,0.0,0.0,0.0,0.0,0.0,0.0,0.0,0.0,0.0,0.0,0,0,0,0,1,0,0,0
20-09-2018,donderdag,19.7,444.0,0.0,7171.94,14959.0,0.0,292.614666666667,292.614666666667,44895.0,33.0,17.0,37.0,0.0,0.0,0.0,0.0,0.0,0.0,0.0,0.0,0.0,0.0,0.0,0.0,0.0,0.0,0,0,0,0,1,0,0,0
21-09-2018,vrijdag,15.4,306.0,174.0,6749.5,14078.0,0.0,292.614666666667,292.614666666667,47739.0,13.0,3.0,42.0,0.0,0.0,0.0,0.0,0.0,0.0,0.0,0.0,0.0,0.0,0.0,0.0,0.0,0.0,0,0,0,0,1,0,0,0
22-09-2018,zaterdag,12.1,96.0,432.0,3963.2,9075.0,0.0,292.614666666667,292.614666666667,31219.0,26.0,4.0,17.0,0.0,0.0,0.0,0.0,0.0,0.0,0.0,0.0,0.0,0.0,0.0,0.0,0.0,0.0,0,0,0,0,1,0,0,0
23-09-2018,zondag,9.5,24.0,540.0,4924.67,11694.0,0.0,292.614666666667,292.614666666667,39186.0,19.0,4.0,41.0,0.0,0.0,0.0,0.0,0.0,0.0,0.0,0.0,0.0,0.0,0.0,0.0,0.0,0.0,0,0,0,0,1,0,0,0
24-09-2018,maandag,9.9,546.0,18.0,6336.55,14955.0,0.0,292.614666666667,292.614666666667,69462.0,107.0,29.0,46.0,0.0,0.0,1.0,1.0,0.0,1.0,0.0,0.0,0.0,0.0,1.0,0.0,0.0,0.0,0,0,0,0,0,0,0,1
25-09-2018,dinsdag,9.4,612.0,0.0,6159.0,14544.0,0.0,292.614666666667,292.614666666667,64999.0,13.0,3.0,42.0,0.0,0.0,1.0,1.0,0.0,1.0,0.0,0.0,0.0,0.0,1.0,0.0,0.0,0.0,0,0,0,0,0,0,0,1
26-09-2018,woensdag,11.9,558.0,0.0,6504.33,14852.0,0.0,292.614666666667,292.614666666667,58751.0,7.0,0.0,54.0,0.0,0.0,1.0,1.0,0.0,1.0,0.0,0.0,0.0,0.0,1.0,0.0,0.0,0.0,0,0,0,0,0,0,0,1
27-09-2018,donderdag,13.2,648.0,0.0,5874.64,13910.0,0.0,292.614666666667,292.614666666667,46953.0,17.0,26.0,37.0,0.0,0.0,1.0,1.0,0.0,1.0,0.0,0.0,0.0,0.0,1.0,0.0,0.0,0.0,0,0,0,0,0,0,0,1
28-09-2018,vrijdag,11.4,438.0,0.0,4561.61,10418.0,0.0,292.614666666667,292.614666666667,42644.0,14.0,5.0,37.0,0.0,0.0,1.0,1.0,0.0,1.0,0.0,0.0,0.0,0.0,1.0,0.0,0.0,0.0,0,0,0,0,0,0,0,1
29-09-2018,zaterdag,7.5,618.0,0.0,3239.82,7527.0,0.0,292.614666666667,292.614666666667,664.0,11.0,2.0,15.0,0.0,0.0,1.0,1.0,0.0,1.0,0.0,0.0,0.0,0.0,1.0,0.0,0.0,0.0,0,0,0,0,0,0,0,1
30-09-2018,zondag,9.9,498.0,0.0,4193.96,10040.0,0.0,292.614666666667,292.614666666667,33476.0,17.0,4.0,40.0,0.0,0.0,1.0,1.0,0.0,1.0,0.0,0.0,0.0,0.0,1.0,0.0,0.0,0.0,0,0,0,0,0,0,0,1
01-10-2018,maandag,9.5,444.0,186.0,7001.67,15548.0,0.0,5168.183891050579,5168.183891050579,49394.0,4.0,3.0,57.0,1.0,0.0,1.0,0.0,0.0,1.0,0.0,0.0,0.0,0.0,1.0,0.0,0.0,0.0,0,0,0,0,0,0,0,1
02-10-2018,dinsdag,11.7,204.0,288.0,6688.04,14786.0,0.0,5168.183891050579,5168.183891050579,53613.0,17.0,2.0,137.0,1.0,0.0,1.0,0.0,0.0,1.0,0.0,0.0,0.0,0.0,1.0,0.0,0.0,0.0,0,0,0,0,0,0,0,1
03-10-2018,woensdag,12.6,432.0,0.0,5911.76,14367.0,0.0,5168.183891050579,5168.183891050579,54038.0,6.0,0.0,1108.0,1.0,0.0,1.0,0.0,0.0,1.0,0.0,0.0,0.0,0.0,1.0,0.0,0.0,0.0,0,0,0,0,0,0,0,1
04-10-2018,donderdag,14.7,48.0,0.0,5294.27,13280.0,0.0,5168.183891050579,5168.183891050579,51677.0,25.0,10.0,1305.0,1.0,0.0,1.0,0.0,0.0,1.0,0.0,0.0,0.0,0.0,1.0,0.0,0.0,0.0,0,0,0,0,0,0,0,1
05-10-2018,vrijdag,12.8,618.0,0.0,4476.67,11486.0,0.0,5168.183891050579,5168.183891050579,42245.0,10.0,1.0,1018.0,1.0,0.0,1.0,0.0,0.0,1.0,0.0,0.0,0.0,0.0,1.0,0.0,0.0,0.0,0,0,0,0,0,0,0,1
06-10-2018,zaterdag,13.9,540.0,0.0,2700.07,7420.0,0.0,5168.183891050579,5168.183891050579,28556.0,15.0,5.0,433.0,1.0,0.0,1.0,0.0,0.0,1.0,0.0,0.0,0.0,0.0,1.0,0.0,0.0,0.0,0,0,0,0,0,0,0,1
07-10-2018,zondag,10.1,504.0,0.0,3915.47,10147.0,0.0,5168.183891050579,5168.183891050579,33335.0,3.0,1.0,633.0,1.0,0.0,1.0,0.0,0.0,1.0,0.0,0.0,0.0,0.0,1.0,0.0,0.0,0.0,0,0,0,0,0,0,0,1
08-10-2018,maandag,9.5,462.0,0.0,5982.89,14643.0,0.0,7393.5745525291795,7393.5745525291795,48357.0,8.0,3.0,772.0,0.0,0.0,0.0,0.0,0.0,0.0,0.0,0.0,0.0,0.0,0.0,0.0,0.0,0.0,0,0,0,0,1,0,0,0
09-10-2018,dinsdag,10.9,516.0,0.0,5458.37,14730.0,0.0,7393.5745525291795,7393.5745525291795,68552.0,19.0,5.0,702.0,0.0,0.0,0.0,0.0,0.0,0.0,0.0,0.0,0.0,0.0,0.0,0.0,0.0,0.0,0,0,0,0,1,0,0,0
10-10-2018,woensdag,15.1,600.0,0.0,5378.38,13809.0,0.0,7393.5745525291795,7393.5745525291795,59461.0,31.0,19.0,913.0,0.0,0.0,0.0,0.0,0.0,0.0,0.0,0.0,0.0,0.0,0.0,0.0,0.0,0.0,0,0,0,0,1,0,0,0
11-10-2018,donderdag,17.6,366.0,0.0,5068.76,13386.0,0.0,7393.5745525291795,7393.5745525291795,51494.0,10.0,6.0,630.0,0.0,0.0,0.0,0.0,0.0,0.0,0.0,0.0,0.0,0.0,0.0,0.0,0.0,0.0,0,0,0,0,1,0,0,0
12-10-2018,vrijdag,18.7,540.0,30.0,4655.9,11963.0,0.0,7393.5745525291795,7393.5745525291795,49755.0,6.0,1.0,587.0,0.0,0.0,0.0,0.0,0.0,0.0,0.0,0.0,0.0,0.0,0.0,0.0,0.0,0.0,0,0,0,0,1,0,0,0
13-10-2018,zaterdag,20.0,570.0,0.0,3145.61,7633.0,0.0,283.17548387096804,283.17548387096804,28881.0,211.0,55.0,265.0,0.0,0.0,0.0,0.0,0.0,0.0,0.0,0.0,0.0,0.0,0.0,0.0,0.0,0.0,0,0,0,0,1,0,0,0
14-10-2018,zondag,17.4,486.0,0.0,3709.79,9485.0,0.0,283.17548387096804,283.17548387096804,32194.0,1.0,1.0,438.0,0.0,0.0,0.0,0.0,0.0,0.0,0.0,0.0,0.0,0.0,0.0,0.0,0.0,0.0,0,0,0,0,1,0,0,0
15-10-2018,maandag,16.1,366.0,0.0,5769.65,13757.0,0.0,283.17548387096804,283.17548387096804,52237.0,4.0,7.0,528.0,0.0,0.0,0.0,0.0,0.0,0.0,0.0,0.0,0.0,0.0,0.0,0.0,0.0,0.0,1,0,0,0,0,0,0,0
16-10-2018,dinsdag,15.3,444.0,0.0,5498.12,13332.0,0.0,283.17548387096804,283.17548387096804,64439.0,10.0,7.0,462.0,0.0,0.0,0.0,0.0,0.0,0.0,0.0,0.0,0.0,0.0,0.0,0.0,0.0,0.0,1,0,0,0,0,0,0,0
17-10-2018,woensdag,13.2,324.0,0.0,5704.56,13500.0,0.0,283.17548387096804,283.17548387096804,49706.0,14.0,6.0,423.0,0.0,0.0,0.0,0.0,0.0,0.0,0.0,0.0,0.0,0.0,0.0,0.0,0.0,0.0,1,0,0,0,0,0,0,0
18-10-2018,donderdag,12.2,450.0,0.0,5908.2,13072.0,0.0,283.17548387096804,283.17548387096804,54398.0,21.0,9.0,359.0,0.0,0.0,0.0,0.0,0.0,0.0,0.0,0.0,0.0,0.0,0.0,0.0,0.0,0.0,1,0,0,0,0,0,0,0
19-10-2018,vrijdag,9.2,522.0,0.0,5092.76,11512.0,0.0,283.17548387096804,283.17548387096804,42965.0,14.0,5.0,320.0,0.0,0.0,0.0,0.0,0.0,0.0,0.0,0.0,0.0,0.0,0.0,0.0,0.0,0.0,1,0,0,0,0,0,0,0
20-10-2018,zaterdag,8.6,228.0,0.0,3664.89,8286.0,0.0,283.17548387096804,283.17548387096804,30278.0,12.0,0.0,184.0,0.0,0.0,0.0,0.0,0.0,0.0,0.0,0.0,0.0,0.0,0.0,0.0,0.0,0.0,1,0,0,0,0,0,0,0
21-10-2018,zondag,12.2,204.0,0.0,4312.87,9735.0,0.0,283.17548387096804,283.17548387096804,33407.0,18.0,3.0,302.0,0.0,0.0,0.0,0.0,0.0,0.0,0.0,0.0,0.0,0.0,0.0,0.0,0.0,0.0,1,0,0,0,0,0,0,0
22-10-2018,maandag,10.8,402.0,12.0,5837.03,13416.0,0.0,283.17548387096804,283.17548387096804,46258.0,9.0,4.0,347.0,1.0,0.0,1.0,0.0,0.0,1.0,1.0,0.0,1.0,0.0,0.0,0.0,0.0,0.0,0,0,0,0,0,0,0,1
23-10-2018,dinsdag,12.8,6.0,0.0,5506.57,13431.0,0.0,283.17548387096804,283.17548387096804,48981.0,20.0,5.0,346.0,1.0,0.0,1.0,0.0,0.0,1.0,1.0,0.0,1.0,0.0,0.0,0.0,0.0,0.0,0,0,0,0,0,0,0,1
24-10-2018,woensdag,14.0,180.0,60.0,5436.12,13460.0,0.0,283.17548387096804,283.17548387096804,47670.0,36.0,26.0,322.0,1.0,0.0,1.0,0.0,0.0,1.0,1.0,0.0,1.0,0.0,0.0,0.0,0.0,0.0,0,0,0,0,0,0,0,1
25-10-2018,donderdag,12.1,6.0,30.0,5675.03,13804.0,0.0,283.17548387096804,283.17548387096804,46587.0,21.0,5.0,335.0,1.0,0.0,1.0,0.0,0.0,1.0,1.0,0.0,1.0,0.0,0.0,0.0,0.0,0.0,0,0,0,0,0,0,0,1
26-10-2018,vrijdag,9.5,0.0,366.0,5508.96,12901.0,0.0,283.17548387096804,283.17548387096804,42460.0,12.0,4.0,316.0,1.0,0.0,1.0,0.0,0.0,1.0,1.0,0.0,1.0,0.0,0.0,0.0,0.0,0.0,0,0,0,0,0,0,0,1
27-10-2018,zaterdag,7.1,426.0,156.0,3515.75,8584.0,0.0,283.17548387096804,283.17548387096804,30460.0,13.0,2.0,209.0,1.0,0.0,1.0,0.0,0.0,1.0,1.0,0.0,1.0,0.0,0.0,0.0,0.0,0.0,0,0,0,0,0,0,0,1
28-10-2018,zondag,4.0,510.0,0.0,4344.19,11069.0,0.0,283.17548387096804,283.17548387096804,34743.0,47.0,10.0,271.0,1.0,0.0,1.0,0.0,0.0,1.0,1.0,0.0,1.0,0.0,0.0,0.0,0.0,0.0,0,0,0,0,0,0,0,1
29-10-2018,maandag,4.4,0.0,0.0,6901.65,15566.0,0.0,5665.716964980551,5665.716964980551,49909.0,8.0,2.0,394.0,0.0,0.0,0.0,0.0,0.0,0.0,0.0,0.0,0.0,0.0,0.0,1.0,0.0,0.0,0,0,0,0,0,0,0,1
30-10-2018,dinsdag,5.7,0.0,708.0,7152.93,16238.0,0.0,5665.716964980551,5665.716964980551,66746.0,48.0,12.0,395.0,0.0,0.0,0.0,0.0,0.0,0.0,0.0,0.0,0.0,0.0,0.0,1.0,0.0,0.0,0,0,0,0,0,0,0,1
31-10-2018,woensdag,8.5,378.0,72.0,6502.07,15699.0,0.0,5665.716964980551,5665.716964980551,58545.0,25.0,7.0,442.0,0.0,0.0,0.0,0.0,0.0,0.0,0.0,0.0,0.0,0.0,0.0,1.0,0.0,0.0,0,0,0,0,0,0,0,1
01-11-2018,donderdag,10.4,54.0,384.0,6463.42,15237.0,0.0,5675.14696498055,5675.14696498055,49646.0,31.0,14.0,165.0,0.0,0.0,0.0,0.0,0.0,0.0,0.0,0.0,0.0,0.0,0.0,1.0,0.0,0.0,0,0,0,0,0,0,0,1
02-11-2018,vrijdag,7.8,426.0,168.0,5543.9,13126.0,0.0,5675.14696498055,5675.14696498055,48377.0,21.0,11.0,119.0,0.0,0.0,0.0,0.0,0.0,0.0,0.0,0.0,0.0,0.0,0.0,1.0,0.0,0.0,0,0,0,0,0,0,0,1
03-11-2018,zaterdag,4.3,390.0,0.0,3456.67,8835.0,0.0,5675.14696498055,5675.14696498055,32022.0,4.0,0.0,79.0,0.0,0.0,0.0,0.0,0.0,0.0,0.0,0.0,0.0,0.0,0.0,1.0,0.0,0.0,0,0,0,0,0,0,0,1
04-11-2018,zondag,5.9,426.0,0.0,4591.29,11633.0,0.0,5675.14696498055,5675.14696498055,36151.0,8.0,4.0,101.0,0.0,0.0,0.0,0.0,0.0,0.0,0.0,0.0,0.0,0.0,0.0,1.0,0.0,0.0,0,0,0,0,0,0,0,1
05-11-2018,maandag,7.7,144.0,0.0,6956.61,16629.0,0.0,6187.76953307393,6187.76953307393,61740.0,43.0,12.0,171.0,0.0,0.0,0.0,0.0,0.0,0.0,0.0,0.0,0.0,0.0,0.0,1.0,0.0,0.0,0,0,0,0,0,0,0,1
06-11-2018,dinsdag,12.4,354.0,0.0,7291.13,16364.0,0.0,6187.76953307393,6187.76953307393,64113.0,85.0,26.0,177.0,0.0,0.0,0.0,0.0,0.0,0.0,0.0,0.0,0.0,0.0,0.0,1.0,0.0,0.0,0,0,0,0,0,0,0,1
07-11-2018,woensdag,11.1,114.0,90.0,6903.71,16064.0,0.0,6187.76953307393,6187.76953307393,71214.0,74.0,24.0,217.0,0.0,0.0,0.0,0.0,0.0,0.0,0.0,0.0,0.0,0.0,0.0,1.0,0.0,0.0,0,0,0,0,0,0,0,1
08-11-2018,donderdag,9.2,468.0,0.0,6526.11,14799.0,0.0,6187.76953307393,6187.76953307393,53705.0,56.0,10.0,322.0,0.0,0.0,0.0,0.0,0.0,0.0,0.0,0.0,0.0,0.0,0.0,1.0,0.0,0.0,0,0,0,0,0,0,0,1
09-11-2018,vrijdag,9.0,180.0,0.0,5512.34,12966.0,0.0,6187.76953307393,6187.76953307393,46138.0,14.0,4.0,302.0,0.0,0.0,0.0,0.0,0.0,0.0,0.0,0.0,0.0,0.0,0.0,1.0,0.0,0.0,0,0,0,0,0,0,0,1
10-11-2018,zaterdag,11.6,6.0,330.0,4179.23,9622.0,0.0,6187.76953307393,6187.76953307393,33295.0,27.0,8.0,101.0,0.0,0.0,0.0,0.0,0.0,0.0,0.0,0.0,0.0,0.0,0.0,1.0,0.0,0.0,0,0,0,0,0,0,0,1
11-11-2018,zondag,11.4,24.0,228.0,5131.1,11839.0,0.0,6187.76953307393,6187.76953307393,36490.0,57.0,11.0,99.0,0.0,0.0,0.0,0.0,0.0,0.0,0.0,0.0,0.0,0.0,0.0,1.0,0.0,0.0,0,0,0,0,0,0,0,1
12-11-2018,maandag,10.0,12.0,444.0,7093.53,16594.0,0.0,292.614666666667,292.614666666667,60139.0,164.0,52.0,107.0,0.0,0.0,0.0,0.0,0.0,0.0,0.0,0.0,0.0,0.0,0.0,0.0,0.0,0.0,0,0,0,0,1,0,0,0
13-11-2018,dinsdag,10.2,390.0,24.0,6472.44,15302.0,0.0,292.614666666667,292.614666666667,48164.0,31.0,12.0,77.0,0.0,0.0,0.0,0.0,0.0,0.0,0.0,0.0,0.0,0.0,0.0,0.0,0.0,0.0,0,0,0,0,1,0,0,0
14-11-2018,woensdag,8.0,462.0,0.0,6318.1,15310.0,0.0,292.614666666667,292.614666666667,45995.0,100.0,28.0,89.0,0.0,0.0,0.0,0.0,0.0,0.0,0.0,0.0,0.0,0.0,0.0,0.0,0.0,0.0,0,0,0,0,1,0,0,0
15-11-2018,donderdag,6.9,432.0,0.0,5604.36,13997.0,0.0,292.614666666667,292.614666666667,44714.0,73.0,16.0,57.0,0.0,0.0,0.0,0.0,0.0,0.0,0.0,0.0,0.0,0.0,0.0,0.0,0.0,0.0,0,0,0,0,1,0,0,0
16-11-2018,vrijdag,3.4,120.0,0.0,5287.32,12879.0,0.0,292.614666666667,292.614666666667,66201.0,28.0,12.0,59.0,0.0,0.0,0.0,0.0,0.0,0.0,0.0,0.0,0.0,0.0,0.0,0.0,0.0,0.0,0,0,0,0,1,0,0,0
17-11-2018,zaterdag,4.1,438.0,0.0,3352.86,8324.0,0.0,292.614666666667,292.614666666667,32608.0,70.0,11.0,49.0,0.0,0.0,0.0,0.0,0.0,0.0,0.0,0.0,0.0,0.0,0.0,0.0,0.0,0.0,0,0,0,0,1,0,0,0
18-11-2018,zondag,2.9,420.0,0.0,4214.46,10715.0,0.0,292.614666666667,292.614666666667,36618.0,21.0,5.0,65.0,0.0,0.0,0.0,0.0,0.0,0.0,0.0,0.0,0.0,0.0,0.0,0.0,0.0,0.0,0,0,0,0,1,0,0,0
19-11-2018,maandag,4.9,12.0,6.0,6102.91,14928.0,0.0,292.614666666667,292.614666666667,55852.0,316.0,66.0,91.0,0.0,0.0,0.0,0.0,0.0,0.0,0.0,0.0,0.0,0.0,0.0,0.0,0.0,0.0,0,0,0,1,0,0,0,0
20-11-2018,dinsdag,3.4,0.0,0.0,6405.36,14937.0,0.0,292.614666666667,292.614666666667,56023.0,63.0,14.0,96.0,0.0,0.0,0.0,0.0,0.0,0.0,0.0,0.0,0.0,0.0,0.0,0.0,0.0,0.0,0,0,0,1,0,0,0,0
21-11-2018,woensdag,3.4,18.0,30.0,6555.04,15386.0,0.0,292.614666666667,292.614666666667,50026.0,105.0,24.0,98.0,0.0,0.0,0.0,0.0,0.0,0.0,0.0,0.0,0.0,0.0,0.0,0.0,0.0,0.0,0,0,0,1,0,0,0,0
22-11-2018,donderdag,3.2,12.0,0.0,6329.61,14552.0,0.0,292.614666666667,292.614666666667,45053.0,104.0,22.0,76.0,0.0,0.0,0.0,0.0,0.0,0.0,0.0,0.0,0.0,0.0,0.0,0.0,0.0,0.0,0,0,0,1,0,0,0,0
23-11-2018,vrijdag,3.2,120.0,0.0,5329.8,12991.0,0.0,292.614666666667,292.614666666667,55528.0,75.0,13.0,77.0,0.0,0.0,0.0,0.0,0.0,0.0,0.0,0.0,0.0,0.0,0.0,0.0,0.0,0.0,0,0,0,1,0,0,0,0
24-11-2018,zaterdag,2.4,0.0,0.0,4163.6,10457.0,0.0,292.614666666667,292.614666666667,34616.0,40.0,7.0,46.0,0.0,0.0,0.0,0.0,0.0,0.0,0.0,0.0,0.0,0.0,0.0,0.0,0.0,0.0,0,0,0,1,0,0,0,0
25-11-2018,zondag,3.4,0.0,0.0,4920.19,11979.0,0.0,292.614666666667,292.614666666667,43599.0,82.0,10.0,90.0,0.0,0.0,0.0,0.0,0.0,0.0,0.0,0.0,0.0,0.0,0.0,0.0,0.0,0.0,0,0,0,1,0,0,0,0
26-11-2018,maandag,4.9,0.0,0.0,7055.5,15957.0,0.0,292.614666666667,292.614666666667,66158.0,52.0,15.0,110.0,0.0,0.0,0.0,0.0,0.0,1.0,0.0,0.0,0.0,0.0,0.0,0.0,0.0,0.0,0,0,0,0,0,0,0,1
27-11-2018,dinsdag,3.3,0.0,0.0,6922.54,15529.0,0.0,292.614666666667,292.614666666667,52843.0,84.0,21.0,147.0,0.0,0.0,0.0,0.0,0.0,1.0,0.0,0.0,0.0,0.0,0.0,0.0,0.0,0.0,0,0,0,0,0,0,0,1
28-11-2018,woensdag,6.1,0.0,324.0,7483.26,16031.0,0.0,292.614666666667,292.614666666667,53614.0,66.0,13.0,177.0,0.0,0.0,0.0,0.0,0.0,1.0,0.0,0.0,0.0,0.0,0.0,0.0,0.0,0.0,0,0,0,0,0,0,0,1
29-11-2018,donderdag,10.2,0.0,672.0,8541.7,16327.0,0.0,292.614666666667,292.614666666667,57206.0,123.0,16.0,167.0,0.0,0.0,0.0,0.0,0.0,1.0,0.0,0.0,0.0,0.0,0.0,0.0,0.0,0.0,0,0,0,0,0,0,0,1
30-11-2018,vrijdag,9.6,96.0,0.0,7408.8,14292.0,0.0,292.614666666667,292.614666666667,56150.0,33.0,5.0,327.0,0.0,0.0,0.0,0.0,0.0,1.0,0.0,0.0,0.0,0.0,0.0,0.0,0.0,0.0,0,0,0,0,0,0,0,1
01-12-2018,zaterdag,7.7,66.0,432.0,5442.24,10330.0,0.0,283.17548387096804,283.17548387096804,37086.0,61.0,9.0,231.0,0.0,0.0,0.0,0.0,0.0,1.0,0.0,0.0,0.0,0.0,0.0,0.0,0.0,0.0,0,0,0,0,0,0,0,1
02-12-2018,zondag,12.0,0.0,672.0,6343.0,13041.0,0.0,283.17548387096804,283.17548387096804,60299.0,131.0,29.0,224.0,0.0,0.0,0.0,0.0,0.0,1.0,0.0,0.0,0.0,0.0,0.0,0.0,0.0,0.0,0,0,0,0,0,0,0,1
03-12-2018,maandag,11.4,78.0,198.0,8920.07,17433.0,0.0,283.17548387096804,283.17548387096804,64394.0,85.0,15.0,411.0,0.0,0.0,0.0,0.0,0.0,0.0,0.0,0.0,0.0,0.0,0.0,0.0,0.0,0.0,0,0,0,0,0,1,0,0
04-12-2018,dinsdag,4.8,348.0,24.0,8629.84,17128.0,0.0,283.17548387096804,283.17548387096804,58846.0,46.0,9.0,419.0,0.0,0.0,0.0,0.0,0.0,0.0,0.0,0.0,0.0,0.0,0.0,0.0,0.0,0.0,0,0,0,0,0,1,0,0
05-12-2018,woensdag,5.5,0.0,282.0,7872.47,15233.0,0.0,283.17548387096804,283.17548387096804,50387.0,45.0,10.0,349.0,0.0,0.0,0.0,0.0,0.0,0.0,0.0,0.0,0.0,0.0,0.0,0.0,0.0,0.0,0,0,0,0,0,1,0,0
06-12-2018,donderdag,11.1,0.0,360.0,7639.07,15475.0,0.0,283.17548387096804,283.17548387096804,49802.0,85.0,26.0,368.0,0.0,0.0,0.0,0.0,0.0,0.0,0.0,0.0,0.0,0.0,0.0,0.0,0.0,0.0,0,0,0,0,0,1,0,0
07-12-2018,vrijdag,10.0,0.0,720.0,6771.37,15188.0,11000.0,283.17548387096804,11283.175483871,60501.0,78.0,23.0,362.0,0.0,0.0,0.0,0.0,0.0,0.0,0.0,0.0,0.0,0.0,0.0,0.0,0.0,0.0,0,0,0,0,0,1,0,0
08-12-2018,zaterdag,9.1,0.0,480.0,5346.29,11526.0,11000.0,283.17548387096804,11283.175483871,42921.0,40.0,7.0,1414.0,0.0,0.0,0.0,0.0,0.0,0.0,0.0,0.0,0.0,0.0,0.0,0.0,0.0,0.0,0,0,0,0,0,1,0,0
09-12-2018,zondag,8.1,108.0,486.0,8102.16,16593.0,11000.0,283.17548387096804,11283.175483871,52849.0,79.0,16.0,1204.0,0.0,0.0,0.0,0.0,0.0,0.0,0.0,0.0,0.0,0.0,0.0,0.0,0.0,0.0,0,0,0,0,0,1,0,0
10-12-2018,maandag,5.5,144.0,216.0,11116.51,22073.0,11000.0,283.17548387096804,11283.175483871,76433.0,119.0,32.0,269.0,0.0,0.0,0.0,0.0,0.0,0.0,0.0,0.0,0.0,0.0,0.0,0.0,0.0,0.0,0,0,0,0,1,0,0,0
11-12-2018,dinsdag,3.9,162.0,12.0,12361.45,22936.0,11000.0,283.17548387096804,11283.175483871,79267.0,341.0,177.0,493.0,0.0,0.0,0.0,0.0,0.0,0.0,0.0,0.0,0.0,0.0,0.0,0.0,0.0,0.0,0,0,0,0,1,0,0,0
12-12-2018,woensdag,0.8,0.0,0.0,12591.63,24440.0,11000.0,283.17548387096804,11283.175483871,86675.0,495.0,232.0,730.0,0.0,0.0,0.0,0.0,0.0,0.0,0.0,0.0,0.0,0.0,0.0,0.0,0.0,0.0,0,0,0,0,1,0,0,0
13-12-2018,donderdag,0.8,390.0,0.0,12348.38,22899.0,11000.0,283.17548387096804,11283.175483871,75911.0,479.0,278.0,677.0,0.0,0.0,0.0,0.0,0.0,0.0,0.0,0.0,0.0,0.0,0.0,0.0,0.0,0.0,0,0,0,0,1,0,0,0
14-12-2018,vrijdag,0.9,384.0,0.0,12733.95,22293.0,11000.0,283.17548387096804,11283.175483871,74833.0,338.0,174.0,787.0,0.0,0.0,0.0,0.0,0.0,0.0,0.0,0.0,0.0,0.0,0.0,0.0,0.0,0.0,0,0,0,0,1,0,0,0
15-12-2018,zaterdag,0.3,0.0,42.0,9954.65,19125.0,11000.0,283.17548387096804,11283.175483871,59987.0,151.0,79.0,500.0,0.0,0.0,0.0,0.0,0.0,0.0,0.0,0.0,0.0,0.0,0.0,0.0,0.0,0.0,0,0,0,0,1,0,0,0
16-12-2018,zondag,1.4,0.0,240.0,18485.92,29247.0,11000.0,283.17548387096804,11283.175483871,123843.0,139.0,20.0,561.0,0.0,0.0,0.0,0.0,0.0,0.0,0.0,0.0,0.0,0.0,0.0,0.0,0.0,0.0,0,0,0,0,1,0,0,0
17-12-2018,maandag,5.6,0.0,378.0,20197.99,33073.0,11000.0,283.17548387096804,11283.175483871,123090.0,9541918.0,2815217.0,686.0,0.0,1.0,1.0,0.0,0.0,0.0,0.0,0.0,0.0,0.0,0.0,0.0,0.0,0.0,0,0,0,0,0,0,0,1
18-12-2018,dinsdag,6.4,120.0,0.0,18708.87,31753.0,11000.0,283.17548387096804,11283.175483871,117628.0,119.0,39.0,551.0,0.0,1.0,1.0,0.0,0.0,0.0,0.0,0.0,0.0,0.0,0.0,0.0,0.0,0.0,0,0,0,0,0,0,0,1
19-12-2018,woensdag,7.4,36.0,30.0,18466.95,32757.0,11000.0,283.17548387096804,11283.175483871,118789.0,138710.0,40426.0,549.0,0.0,1.0,1.0,0.0,0.0,0.0,0.0,0.0,0.0,0.0,0.0,0.0,0.0,0.0,0,0,0,0,0,0,0,1
20-12-2018,donderdag,7.5,0.0,120.0,18090.75,32104.0,11000.0,283.17548387096804,11283.175483871,112024.0,57773.0,17885.0,512.0,0.0,1.0,1.0,0.0,0.0,0.0,0.0,0.0,0.0,0.0,0.0,0.0,0.0,0.0,0,0,0,0,0,0,0,1
21-12-2018,vrijdag,9.7,0.0,672.0,15549.48,28074.0,11000.0,283.17548387096804,11283.175483871,95502.0,88032.0,21649.0,392.0,0.0,1.0,1.0,0.0,0.0,0.0,0.0,0.0,0.0,0.0,0.0,0.0,0.0,0.0,0,0,0,0,0,0,0,1
22-12-2018,zaterdag,9.6,30.0,276.0,3327.57,9670.0,0.0,283.17548387096804,283.17548387096804,55836.0,46826.0,14071.0,253.0,0.0,1.0,1.0,0.0,0.0,0.0,0.0,0.0,0.0,0.0,0.0,0.0,0.0,0.0,0,0,0,0,0,0,0,1
23-12-2018,zondag,7.1,0.0,756.0,799.02,1746.0,0.0,283.17548387096804,283.17548387096804,57134.0,37909.0,13857.0,225.0,0.0,1.0,1.0,0.0,0.0,0.0,0.0,0.0,0.0,0.0,0.0,0.0,0.0,0.0,0,0,0,0,0,0,0,1
24-12-2018,maandag,5.7,300.0,0.0,324.57,0.0,0.0,283.17548387096804,283.17548387096804,44268.0,82064.0,22261.0,149.0,0.0,0.0,0.0,0.0,0.0,0.0,0.0,0.0,0.0,0.0,0.0,0.0,0.0,0.0,0,0,1,0,0,0,0,0
25-12-2018,dinsdag,5.6,132.0,0.0,327.01,0.0,0.0,283.17548387096804,283.17548387096804,25945.0,22520.0,6824.0,82.0,0.0,0.0,0.0,0.0,0.0,0.0,0.0,0.0,0.0,0.0,0.0,0.0,0.0,0.0,0,0,1,0,0,0,0,0
26-12-2018,woensdag,4.0,0.0,0.0,651.06,472.0,0.0,283.17548387096804,283.17548387096804,26797.0,56020.0,15297.0,135.0,0.0,0.0,0.0,0.0,0.0,0.0,0.0,0.0,0.0,0.0,0.0,0.0,0.0,0.0,0,0,1,0,0,0,0,0
27-12-2018,donderdag,0.8,126.0,0.0,5966.09,11840.0,0.0,283.17548387096804,283.17548387096804,52015.0,93958.0,22825.0,206.0,0.0,0.0,0.0,0.0,0.0,0.0,0.0,0.0,0.0,0.0,0.0,0.0,0.0,0.0,0,0,1,0,0,0,0,0
28-12-2018,vrijdag,2.3,0.0,0.0,5750.19,12202.0,0.0,283.17548387096804,283.17548387096804,45776.0,90261.0,25169.0,173.0,0.0,0.0,0.0,0.0,0.0,0.0,0.0,0.0,0.0,0.0,0.0,0.0,0.0,0.0,0,0,1,0,0,0,0,0
29-12-2018,zaterdag,7.9,0.0,66.0,2454.67,7591.0,0.0,283.17548387096804,283.17548387096804,34376.0,153880.0,47245.0,185.0,0.0,0.0,0.0,0.0,0.0,0.0,0.0,0.0,0.0,0.0,0.0,0.0,0.0,0.0,0,0,1,0,0,0,0,0
30-12-2018,zondag,8.5,0.0,312.0,2039.98,6155.0,0.0,283.17548387096804,283.17548387096804,38877.0,49616.0,15421.0,184.0,0.0,0.0,0.0,0.0,0.0,0.0,0.0,0.0,0.0,0.0,0.0,0.0,0.0,0.0,0,0,1,0,0,0,0,0
31-12-2018,maandag,8.9,18.0,42.0,0.0,0.0,0.0,283.17548387096804,283.17548387096804,59360.0,246435.0,74900.0,145.0,1.0,0.0,0.0,0.0,0.0,0.0,0.0,0.0,0.0,0.0,0.0,0.0,0.0,0.0,0,0,0,0,0,0,0,1
01-01-2019,dinsdag,7.7,66.0,120.0,392.51,504.0,0.0,0.0,0.0,35921.0,96.0,22.0,113.0,1.0,0.0,0.0,0.0,0.0,0.0,0.0,0.0,0.0,0.0,0.0,0.0,0.0,0.0,0,0,0,0,0,0,0,1
02-01-2019,woensdag,5.4,54.0,24.0,6595.75,12751.0,0.0,0.0,0.0,52979.0,63994.0,19712.0,228.0,1.0,0.0,0.0,0.0,0.0,0.0,0.0,0.0,0.0,0.0,0.0,0.0,0.0,0.0,0,0,0,0,0,0,0,1
03-01-2019,donderdag,4.0,180.0,0.0,6214.42,12741.0,0.0,0.0,0.0,42590.0,114763.0,34968.0,180.0,1.0,0.0,0.0,0.0,0.0,0.0,0.0,0.0,0.0,0.0,0.0,0.0,0.0,0.0,0,0,0,0,0,0,0,1
04-01-2019,vrijdag,5.1,0.0,0.0,4891.02,10776.0,0.0,0.0,0.0,38714.0,141835.0,40231.0,203.0,1.0,0.0,0.0,0.0,0.0,0.0,0.0,0.0,0.0,0.0,0.0,0.0,0.0,0.0,0,0,0,0,0,0,0,1
05-01-2019,zaterdag,7.0,0.0,78.0,4089.51,9507.0,0.0,0.0,0.0,966.0,92678.0,27844.0,136.0,1.0,0.0,0.0,0.0,0.0,0.0,0.0,0.0,0.0,0.0,0.0,0.0,0.0,0.0,0,0,0,0,0,0,0,1
06-01-2019,zondag,6.1,42.0,0.0,4890.27,11541.0,0.0,0.0,0.0,33803.0,71893.0,23230.0,194.0,1.0,0.0,0.0,0.0,0.0,0.0,0.0,0.0,0.0,0.0,0.0,0.0,0.0,0.0,0,0,0,0,0,0,0,1
07-01-2019,maandag,6.7,0.0,72.0,6819.7,15228.0,0.0,0.0,0.0,59749.0,103374.0,28674.0,245.0,0.0,1.0,0.0,0.0,0.0,0.0,0.0,0.0,0.0,0.0,0.0,0.0,0.0,0.0,0,0,0,0,0,0,0,1
08-01-2019,dinsdag,7.1,0.0,0.0,6485.89,14768.0,0.0,0.0,0.0,49670.0,155125.0,37020.0,240.0,0.0,1.0,0.0,0.0,0.0,0.0,0.0,0.0,0.0,0.0,0.0,0.0,0.0,0.0,0,0,0,0,0,0,0,1
09-01-2019,woensdag,4.9,390.0,18.0,6181.74,14299.0,0.0,0.0,0.0,45534.0,102232.0,30177.0,258.0,0.0,1.0,0.0,0.0,0.0,0.0,0.0,0.0,0.0,0.0,0.0,0.0,0.0,0.0,0,0,0,0,0,0,0,1
10-01-2019,donderdag,3.0,0.0,318.0,5637.53,13441.0,0.0,0.0,0.0,46362.0,137139.0,35608.0,270.0,0.0,1.0,0.0,0.0,0.0,0.0,0.0,0.0,0.0,0.0,0.0,0.0,0.0,0.0,0,0,0,0,0,0,0,1
11-01-2019,vrijdag,6.8,0.0,336.0,5104.91,13014.0,0.0,0.0,0.0,51897.0,45750.0,12027.0,207.0,0.0,1.0,0.0,0.0,0.0,0.0,0.0,0.0,0.0,0.0,0.0,0.0,0.0,0.0,0,0,0,0,0,0,0,1
12-01-2019,zaterdag,7.6,0.0,390.0,3467.94,9387.0,0.0,0.0,0.0,33734.0,209519.0,55571.0,192.0,0.0,1.0,0.0,0.0,0.0,0.0,0.0,0.0,0.0,0.0,0.0,0.0,0.0,0.0,0,0,0,0,0,0,0,1
13-01-2019,zondag,8.9,0.0,402.0,4659.24,12479.0,0.0,0.0,0.0,39773.0,82928.0,23531.0,234.0,0.0,1.0,0.0,0.0,0.0,0.0,0.0,0.0,0.0,0.0,0.0,0.0,0.0,0.0,0,0,0,0,0,0,0,1
14-01-2019,maandag,5.1,288.0,150.0,6185.73,15368.0,0.0,0.0,0.0,47284.0,91888.0,26818.0,264.0,0.0,0.0,0.0,0.0,0.0,1.0,0.0,0.0,0.0,0.0,0.0,0.0,0.0,0.0,0,0,0,0,0,0,0,1
15-01-2019,dinsdag,6.4,42.0,0.0,6036.03,15342.0,0.0,0.0,0.0,57949.0,73493.0,20877.0,272.0,0.0,0.0,0.0,0.0,0.0,1.0,0.0,0.0,0.0,0.0,0.0,0.0,0.0,0.0,0,0,0,0,0,0,0,1
16-01-2019,woensdag,6.1,0.0,342.0,5916.76,15258.0,0.0,0.0,0.0,47409.0,117773.0,35608.0,301.0,0.0,0.0,0.0,0.0,0.0,1.0,0.0,0.0,0.0,0.0,0.0,0.0,0.0,0.0,0,0,0,0,0,0,0,1
17-01-2019,donderdag,2.9,102.0,390.0,5271.61,13722.0,0.0,0.0,0.0,43607.0,133072.0,36754.0,295.0,0.0,0.0,0.0,0.0,0.0,1.0,0.0,0.0,0.0,0.0,0.0,0.0,0.0,0.0,0,0,0,0,0,0,0,1
18-01-2019,vrijdag,-0.4,360.0,24.0,4266.88,11761.0,0.0,0.0,0.0,39503.0,110368.0,37434.0,300.0,0.0,0.0,0.0,0.0,0.0,1.0,0.0,0.0,0.0,0.0,0.0,0.0,0.0,0.0,0,0,0,0,0,0,0,1
19-01-2019,zaterdag,-1.4,306.0,0.0,3091.48,8560.0,0.0,0.0,0.0,30050.0,193088.0,55873.0,256.0,0.0,0.0,0.0,0.0,0.0,1.0,0.0,0.0,0.0,0.0,0.0,0.0,0.0,0.0,0,0,0,0,0,0,0,1
20-01-2019,zondag,-2.6,438.0,0.0,3787.44,10530.0,0.0,0.0,0.0,33679.0,123580.0,33610.0,304.0,0.0,0.0,0.0,0.0,0.0,1.0,0.0,0.0,0.0,0.0,0.0,0.0,0.0,0.0,0,0,0,0,0,0,0,1
21-01-2019,maandag,-1.9,450.0,0.0,6552.18,15349.0,13747.25,0.0,13747.25,57960.0,144854.0,42152.0,319.0,0.0,0.0,1.0,0.0,0.0,0.0,0.0,0.0,0.0,0.0,0.0,0.0,0.0,0.0,0,0,0,0,0,0,0,1
22-01-2019,dinsdag,-1.7,12.0,390.0,7067.31,16381.0,13747.25,0.0,13747.25,77750.0,213086.0,62294.0,302.0,0.0,0.0,1.0,0.0,0.0,0.0,0.0,0.0,0.0,0.0,0.0,0.0,0.0,0.0,0,0,0,0,0,0,0,1
23-01-2019,woensdag,-1.0,0.0,0.0,7175.24,16222.0,13747.25,0.0,13747.25,65876.0,205904.0,60000.0,313.0,0.0,0.0,1.0,0.0,0.0,0.0,0.0,0.0,0.0,0.0,0.0,0.0,0.0,0.0,0,0,0,0,0,0,0,1
24-01-2019,donderdag,-2.0,18.0,0.0,6982.6,16123.0,13747.25,0.0,13747.25,63335.0,99.0,42.0,303.0,0.0,0.0,1.0,0.0,0.0,0.0,0.0,0.0,0.0,0.0,0.0,0.0,0.0,0.0,0,0,0,0,0,0,0,1
25-01-2019,vrijdag,0.8,0.0,294.0,6424.54,15061.0,13747.25,0.0,13747.25,54694.0,414304.0,116160.0,271.0,0.0,0.0,1.0,0.0,0.0,0.0,0.0,0.0,0.0,0.0,0.0,0.0,0.0,0.0,0,0,0,0,0,0,0,1
26-01-2019,zaterdag,7.2,0.0,252.0,4209.26,11056.0,13747.25,0.0,13747.25,39120.0,134008.0,38170.0,160.0,0.0,0.0,1.0,0.0,0.0,0.0,0.0,0.0,0.0,0.0,0.0,0.0,0.0,0.0,0,0,0,0,0,0,0,1
27-01-2019,zondag,5.8,48.0,672.0,5432.65,14324.0,13747.25,0.0,13747.25,43719.0,204899.0,58423.0,435.0,0.0,0.0,1.0,0.0,0.0,0.0,0.0,0.0,0.0,0.0,0.0,0.0,0.0,0.0,0,0,0,0,0,0,0,1
28-01-2019,maandag,3.9,96.0,270.0,7770.34,19176.0,13747.25,0.0,13747.25,71790.0,185524.0,53155.0,766.0,0.0,0.0,0.0,1.0,0.0,0.0,0.0,0.0,0.0,0.0,0.0,0.0,0.0,0.0,0,0,0,0,0,0,0,1
29-01-2019,dinsdag,1.6,450.0,0.0,7396.55,18238.0,0.0,0.0,0.0,65198.0,245180.0,63873.0,1340.0,0.0,0.0,0.0,1.0,0.0,0.0,0.0,0.0,0.0,0.0,0.0,0.0,0.0,0.0,0,0,0,0,0,0,0,1
30-01-2019,woensdag,0.7,72.0,0.0,7217.04,19068.0,0.0,0.0,0.0,61079.0,291661.0,91600.0,1512.0,0.0,0.0,0.0,1.0,0.0,0.0,0.0,0.0,0.0,0.0,0.0,0.0,0.0,0.0,0,0,0,0,0,0,0,1
31-01-2019,donderdag,-1.1,0.0,0.0,7047.83,18440.0,0.0,0.0,0.0,66540.0,185289.0,53157.0,1545.0,0.0,0.0,0.0,1.0,0.0,0.0,0.0,0.0,0.0,0.0,0.0,0.0,0.0,0.0,0,0,0,0,0,0,0,1
01-02-2019,vrijdag,0.8,0.0,210.0,6347.75,16750.0,0.0,0.0,0.0,59053.0,93.0,33.0,1370.0,0.0,0.0,0.0,1.0,0.0,0.0,0.0,0.0,0.0,0.0,0.0,0.0,0.0,0.0,0,0,0,0,0,0,0,1
02-02-2019,zaterdag,1.6,12.0,342.0,4305.73,12481.0,0.0,0.0,0.0,45339.0,96713.0,31216.0,1045.0,0.0,0.0,0.0,1.0,0.0,0.0,0.0,0.0,0.0,0.0,0.0,0.0,0.0,0.0,0,0,0,0,0,0,0,1
03-02-2019,zondag,1.8,414.0,0.0,5602.05,14860.0,0.0,0.0,0.0,45836.0,144526.0,42814.0,854.0,0.0,0.0,0.0,1.0,0.0,0.0,0.0,0.0,0.0,0.0,0.0,0.0,0.0,0.0,0,0,0,0,0,0,0,1
04-02-2019,maandag,2.1,0.0,504.0,9535.69,24224.0,0.0,6993.3,6993.3,84588.0,155214.0,49387.0,1866.0,0.0,1.0,1.0,0.0,0.0,1.0,0.0,0.0,0.0,0.0,0.0,0.0,0.0,0.0,0,0,0,0,0,0,0,1
05-02-2019,dinsdag,4.0,0.0,18.0,9798.66,24357.0,0.0,6993.3,6993.3,76105.0,213636.0,54594.0,1781.0,0.0,1.0,1.0,0.0,0.0,1.0,0.0,0.0,0.0,0.0,0.0,0.0,0.0,0.0,0,0,0,0,0,0,0,1
06-02-2019,woensdag,5.1,0.0,1032.0,10532.86,25579.0,0.0,6993.3,6993.3,73839.0,204839.0,58238.0,2229.0,0.0,1.0,1.0,0.0,0.0,1.0,0.0,0.0,0.0,0.0,0.0,0.0,0.0,0.0,0,0,0,0,0,0,0,1
07-02-2019,donderdag,7.8,300.0,396.0,11420.81,25794.0,0.0,6993.3,6993.3,113963.0,135131.0,43686.0,2328.0,0.0,1.0,1.0,0.0,0.0,1.0,0.0,0.0,0.0,0.0,0.0,0.0,0.0,0.0,0,0,0,0,0,0,0,1
08-02-2019,vrijdag,8.0,0.0,360.0,10552.72,23696.0,0.0,6993.3,6993.3,97443.0,195676.0,53853.0,2268.0,0.0,1.0,1.0,0.0,0.0,1.0,0.0,0.0,0.0,0.0,0.0,0.0,0.0,0.0,0,0,0,0,0,0,0,1
09-02-2019,zaterdag,8.7,282.0,0.0,8695.36,19938.0,0.0,6993.3,6993.3,62692.0,364966.0,97974.0,1803.0,0.0,1.0,1.0,0.0,0.0,1.0,0.0,0.0,0.0,0.0,0.0,0.0,0.0,0.0,0,0,0,0,0,0,0,1
10-02-2019,zondag,6.4,12.0,948.0,14426.56,31507.0,0.0,6993.3,6993.3,103241.0,105738.0,29923.0,2681.0,0.0,1.0,1.0,0.0,0.0,1.0,0.0,0.0,0.0,0.0,0.0,0.0,0.0,0.0,0,0,0,0,0,0,0,1
11-02-2019,maandag,5.1,390.0,54.0,29397.16,55643.0,0.0,6993.3,6993.3,143175.0,457050.0,107576.0,3693.0,0.0,1.0,1.0,0.0,0.0,1.0,0.0,0.0,0.0,0.0,0.0,0.0,0.0,0.0,0,0,0,0,0,0,0,1
12-02-2019,dinsdag,5.3,336.0,0.0,35772.63,64502.0,0.0,6993.3,6993.3,155204.0,229997.0,71154.0,3988.0,0.0,1.0,1.0,0.0,0.0,1.0,0.0,0.0,0.0,0.0,0.0,0.0,0.0,0.0,0,0,0,0,0,0,0,1
13-02-2019,woensdag,5.8,144.0,0.0,38383.81,69022.0,0.0,6993.3,6993.3,193979.0,13912.0,4695.0,4468.0,0.0,1.0,1.0,0.0,0.0,1.0,0.0,0.0,0.0,0.0,0.0,0.0,0.0,0.0,0,0,0,0,0,0,0,1
14-02-2019,donderdag,4.5,522.0,0.0,4591.02,19032.0,0.0,0.0,0.0,106717.0,455612.0,127525.0,987.0,0.0,1.0,1.0,0.0,0.0,1.0,0.0,0.0,0.0,0.0,0.0,0.0,0.0,0.0,0,0,0,0,0,0,0,1
15-02-2019,vrijdag,6.2,522.0,0.0,5820.18,14705.0,0.0,0.0,0.0,53979.0,267425.0,81441.0,709.0,0.0,1.0,0.0,0.0,0.0,0.0,0.0,0.0,0.0,0.0,0.0,0.0,0.0,0.0,0,0,0,0,0,0,0,1
16-02-2019,zaterdag,5.8,528.0,0.0,3812.73,9758.0,0.0,0.0,0.0,34053.0,138257.0,39360.0,444.0,0.0,1.0,0.0,0.0,0.0,0.0,0.0,0.0,0.0,0.0,0.0,0.0,0.0,0.0,0,0,0,0,0,0,0,1
17-02-2019,zondag,6.7,516.0,0.0,4458.68,11166.0,0.0,0.0,0.0,34927.0,123717.0,37045.0,643.0,0.0,1.0,0.0,0.0,0.0,0.0,0.0,0.0,0.0,0.0,0.0,0.0,0.0,0.0,0,0,0,0,0,0,0,1
18-02-2019,maandag,7.2,534.0,24.0,6548.55,16065.0,0.0,0.0,0.0,61854.0,319627.0,74891.0,804.0,0.0,1.0,0.0,0.0,0.0,0.0,0.0,0.0,0.0,0.0,0.0,0.0,0.0,0.0,0,0,0,0,0,0,0,1
19-02-2019,dinsdag,7.3,294.0,0.0,5813.44,15860.0,0.0,0.0,0.0,70283.0,162548.0,48965.0,827.0,0.0,1.0,0.0,0.0,0.0,0.0,0.0,0.0,0.0,0.0,0.0,0.0,0.0,0.0,0,0,0,0,0,0,0,1
20-02-2019,woensdag,7.8,366.0,0.0,5947.34,15899.0,0.0,0.0,0.0,68740.0,211393.0,58266.0,746.0,0.0,1.0,0.0,0.0,0.0,0.0,0.0,0.0,0.0,0.0,0.0,0.0,0.0,0.0,0,0,0,0,0,0,0,1
21-02-2019,donderdag,8.2,24.0,276.0,5826.81,15297.0,0.0,0.0,0.0,53013.0,243092.0,68095.0,715.0,0.0,1.0,0.0,0.0,0.0,0.0,0.0,0.0,0.0,0.0,0.0,0.0,0.0,0.0,0,0,0,0,0,0,0,1
22-02-2019,vrijdag,9.1,0.0,0.0,5851.68,13978.0,0.0,0.0,0.0,46565.0,126755.0,33271.0,728.0,0.0,1.0,0.0,0.0,0.0,0.0,0.0,0.0,0.0,0.0,0.0,0.0,0.0,0.0,0,0,0,0,0,0,0,1
23-02-2019,zaterdag,6.9,552.0,0.0,3688.93,9275.0,0.0,0.0,0.0,31996.0,279439.0,74552.0,367.0,0.0,1.0,0.0,0.0,0.0,0.0,0.0,0.0,0.0,0.0,0.0,0.0,0.0,0.0,0,0,0,0,0,0,0,1
24-02-2019,zondag,6.1,558.0,0.0,4250.24,11272.0,0.0,0.0,0.0,34575.0,55464.0,17865.0,635.0,0.0,1.0,0.0,0.0,0.0,0.0,0.0,0.0,0.0,0.0,0.0,0.0,0.0,0.0,0,0,0,0,0,0,0,1
25-02-2019,maandag,7.3,558.0,0.0,6531.78,16113.0,0.0,0.0,0.0,58701.0,191044.0,53822.0,803.0,0.0,1.0,0.0,1.0,0.0,0.0,0.0,0.0,0.0,0.0,0.0,0.0,1.0,1.0,0,0,0,0,0,0,0,1
26-02-2019,dinsdag,7.8,570.0,0.0,6341.54,15147.0,0.0,0.0,0.0,48461.0,961944.0,180263.0,928.0,0.0,1.0,0.0,1.0,0.0,0.0,0.0,0.0,0.0,0.0,0.0,0.0,1.0,1.0,0,0,0,0,0,0,0,1
27-02-2019,woensdag,9.5,582.0,0.0,6861.17,15453.0,0.0,0.0,0.0,47076.0,223825.0,59032.0,1145.0,0.0,1.0,0.0,1.0,0.0,0.0,0.0,0.0,0.0,0.0,0.0,0.0,1.0,1.0,0,0,0,0,0,0,0,1
28-02-2019,donderdag,7.7,204.0,180.0,7151.43,16838.0,0.0,0.0,0.0,60377.0,275592.0,66832.0,2146.0,0.0,1.0,0.0,1.0,0.0,0.0,0.0,0.0,0.0,0.0,0.0,0.0,1.0,1.0,0,0,0,0,0,0,0,1
01-03-2019,vrijdag,6.3,0.0,30.0,6521.8,14642.0,0.0,0.0,0.0,45468.0,60.0,18.0,264.0,0.0,1.0,0.0,1.0,0.0,0.0,0.0,0.0,0.0,0.0,0.0,0.0,1.0,1.0,0,0,0,0,0,0,0,1
02-03-2019,zaterdag,8.2,144.0,12.0,3938.12,9375.0,0.0,0.0,0.0,30745.0,311658.0,77833.0,95.0,0.0,1.0,0.0,1.0,0.0,0.0,0.0,0.0,0.0,0.0,0.0,0.0,1.0,1.0,0,0,0,0,0,0,0,1
03-03-2019,zondag,11.2,0.0,492.0,5490.92,12708.0,0.0,0.0,0.0,35791.0,134535.0,51054.0,168.0,0.0,1.0,0.0,1.0,0.0,0.0,0.0,0.0,0.0,0.0,0.0,0.0,1.0,1.0,0,0,0,0,0,0,0,1
04-03-2019,maandag,8.8,300.0,114.0,7441.13,16474.0,0.0,0.0,0.0,56884.0,191859.0,50013.0,177.0,0.0,0.0,0.0,0.0,0.0,0.0,0.0,0.0,0.0,0.0,0.0,0.0,0.0,0.0,0,1,0,0,0,0,0,0
05-03-2019,dinsdag,7.5,504.0,48.0,7242.39,17137.0,0.0,0.0,0.0,64076.0,179900.0,46422.0,199.0,0.0,0.0,0.0,0.0,0.0,0.0,0.0,0.0,0.0,0.0,0.0,0.0,0.0,0.0,0,1,0,0,0,0,0,0
06-03-2019,woensdag,10.0,0.0,204.0,7954.71,17980.0,0.0,0.0,0.0,52835.0,506607.0,147539.0,200.0,0.0,0.0,0.0,0.0,0.0,0.0,0.0,0.0,0.0,0.0,0.0,0.0,0.0,0.0,0,1,0,0,0,0,0,0
07-03-2019,donderdag,9.2,342.0,492.0,7116.94,16866.0,0.0,0.0,0.0,48883.0,426969.0,105108.0,231.0,0.0,0.0,0.0,0.0,0.0,0.0,0.0,0.0,0.0,0.0,0.0,0.0,0.0,0.0,0,1,0,0,0,0,0,0
08-03-2019,vrijdag,7.8,342.0,204.0,5993.03,14813.0,0.0,0.0,0.0,44628.0,258155.0,65847.0,221.0,0.0,0.0,0.0,0.0,0.0,0.0,0.0,0.0,0.0,0.0,0.0,0.0,0.0,0.0,0,1,0,0,0,0,0,0
09-03-2019,zaterdag,8.8,150.0,246.0,4292.26,10542.0,0.0,0.0,0.0,32944.0,312159.0,72867.0,153.0,0.0,0.0,0.0,0.0,0.0,0.0,0.0,0.0,0.0,0.0,0.0,0.0,0.0,0.0,0,1,0,0,0,0,0,0
10-03-2019,zondag,5.8,12.0,768.0,5456.71,13807.0,0.0,0.0,0.0,39592.0,391052.0,110617.0,234.0,0.0,0.0,0.0,0.0,0.0,0.0,0.0,0.0,0.0,0.0,0.0,0.0,0.0,0.0,0,1,0,0,0,0,0,0
11-03-2019,maandag,5.4,252.0,126.0,7289.49,18623.0,0.0,0.0,0.0,74136.0,346482.0,82620.0,286.0,0.0,0.0,0.0,0.0,0.0,0.0,0.0,0.0,0.0,1.0,0.0,0.0,0.0,0.0,0,0,0,0,0,0,0,1
12-03-2019,dinsdag,6.8,6.0,264.0,7261.54,17286.0,0.0,0.0,0.0,60385.0,977528.0,224368.0,284.0,0.0,0.0,0.0,0.0,0.0,0.0,0.0,0.0,0.0,1.0,0.0,0.0,0.0,0.0,0,0,0,0,0,0,0,1
13-03-2019,woensdag,7.3,108.0,240.0,6977.95,17156.0,0.0,0.0,0.0,52972.0,610037.0,148551.0,328.0,0.0,0.0,0.0,0.0,0.0,0.0,0.0,0.0,0.0,1.0,0.0,0.0,0.0,0.0,0,0,0,0,0,0,0,1
14-03-2019,donderdag,8.2,36.0,438.0,6583.59,16188.0,0.0,0.0,0.0,49366.0,894177.0,237463.0,244.0,0.0,0.0,0.0,0.0,0.0,0.0,0.0,0.0,0.0,1.0,0.0,0.0,0.0,0.0,0,0,0,0,0,0,0,1
15-03-2019,vrijdag,9.5,18.0,330.0,5558.02,14216.0,0.0,0.0,0.0,56987.0,375049.0,96224.0,284.0,0.0,0.0,0.0,0.0,0.0,0.0,0.0,0.0,0.0,1.0,0.0,0.0,0.0,0.0,0,0,0,0,0,0,0,1
16-03-2019,zaterdag,0.0,0.0,0.0,3976.82,10212.0,0.0,0.0,0.0,36231.0,474881.0,122236.0,186.0,0.0,0.0,0.0,0.0,0.0,0.0,0.0,0.0,0.0,1.0,0.0,0.0,0.0,0.0,0,0,0,0,0,0,0,1
17-03-2019,zondag,7.1,474.0,318.0,4662.82,12636.0,0.0,0.0,0.0,37963.0,583347.0,110507.0,270.0,0.0,0.0,0.0,0.0,0.0,0.0,0.0,0.0,0.0,1.0,0.0,0.0,0.0,0.0,0,0,0,0,0,0,0,1
18-03-2019,maandag,5.1,414.0,66.0,5642.4,14837.0,0.0,9200.4,9200.4,57061.0,469702.0,123577.0,229.0,0.0,0.0,0.0,0.0,0.0,1.0,0.0,0.0,0.0,0.0,0.0,0.0,0.0,1.0,0,0,0,0,0,0,0,1
19-03-2019,dinsdag,4.7,366.0,0.0,7618.28,16470.0,0.0,9200.4,9200.4,93896.0,655988.0,169127.0,235.0,0.0,0.0,0.0,0.0,0.0,1.0,0.0,0.0,0.0,0.0,0.0,0.0,0.0,1.0,0,0,0,0,0,0,0,1
20-03-2019,woensdag,9.1,0.0,0.0,8176.48,17296.0,0.0,9200.4,9200.4,70283.0,615609.0,139988.0,288.0,0.0,0.0,0.0,0.0,0.0,1.0,0.0,0.0,0.0,0.0,0.0,0.0,0.0,1.0,0,0,0,0,0,0,0,1
21-03-2019,donderdag,8.1,12.0,0.0,7600.19,16272.0,0.0,9200.4,9200.4,54701.0,1306224.0,317512.0,294.0,0.0,0.0,0.0,0.0,0.0,1.0,0.0,0.0,0.0,0.0,0.0,0.0,0.0,1.0,0,0,0,0,0,0,0,1
22-03-2019,vrijdag,9.5,390.0,12.0,6887.97,14452.0,0.0,9200.4,9200.4,54505.0,559344.0,130423.0,291.0,0.0,0.0,0.0,0.0,0.0,1.0,0.0,0.0,0.0,0.0,0.0,0.0,0.0,1.0,0,0,0,0,0,0,0,1
23-03-2019,zaterdag,8.1,150.0,0.0,4909.96,10572.0,0.0,9200.4,9200.4,35233.0,1825253.0,450182.0,271.0,0.0,0.0,0.0,0.0,0.0,1.0,0.0,0.0,0.0,0.0,0.0,0.0,0.0,1.0,0,0,0,0,0,0,0,1
24-03-2019,zondag,5.5,528.0,0.0,5755.19,12619.0,0.0,9200.4,9200.4,38868.0,192299.0,49623.0,381.0,0.0,0.0,0.0,0.0,0.0,1.0,0.0,0.0,0.0,0.0,0.0,0.0,0.0,1.0,0,0,0,0,0,0,0,1
25-03-2019,maandag,7.7,228.0,60.0,9092.05,18811.0,0.0,9200.4,9200.4,58064.0,1607956.0,425053.0,409.0,0.0,0.0,0.0,0.0,0.0,0.0,0.0,0.0,0.0,0.0,0.0,0.0,0.0,0.0,0,0,0,0,0,0,1,0
26-03-2019,dinsdag,7.3,108.0,0.0,0.0,0.0,0.0,9200.4,9200.4,67576.0,3138499.0,730283.0,566.0,0.0,0.0,0.0,0.0,0.0,0.0,0.0,0.0,0.0,0.0,0.0,0.0,0.0,0.0,0,0,0,0,0,0,1,0
27-03-2019,woensdag,9.3,282.0,0.0,0.0,0.0,0.0,9200.4,9200.4,62341.0,3492459.0,819775.0,606.0,0.0,0.0,0.0,0.0,0.0,0.0,0.0,0.0,0.0,0.0,0.0,0.0,0.0,0.0,0,0,0,0,0,0,1,0
28-03-2019,donderdag,8.5,12.0,0.0,0.0,0.0,0.0,9200.4,9200.4,74731.0,2577746.0,726477.0,517.0,0.0,0.0,0.0,0.0,0.0,0.0,0.0,0.0,0.0,0.0,0.0,0.0,0.0,0.0,0,0,0,0,0,0,1,0
29-03-2019,vrijdag,9.0,660.0,0.0,0.0,0.0,0.0,9200.4,9200.4,56599.0,1493321.0,334281.0,492.0,0.0,0.0,0.0,0.0,0.0,0.0,0.0,0.0,0.0,0.0,0.0,0.0,0.0,0.0,0,0,0,0,0,0,1,0
30-03-2019,zaterdag,11.2,510.0,0.0,0.0,0.0,0.0,9200.4,9200.4,31609.0,9282886.0,2093694.0,311.0,0.0,0.0,0.0,0.0,0.0,0.0,0.0,0.0,0.0,0.0,0.0,0.0,0.0,0.0,0,0,0,0,0,0,1,0
31-03-2019,zondag,8.2,468.0,0.0,0.0,0.0,0.0,9200.4,9200.4,38055.0,4315581.0,893084.0,487.0,0.0,0.0,0.0,0.0,0.0,0.0,0.0,0.0,0.0,0.0,0.0,0.0,0.0,0.0,0,0,0,0,0,0,1,0
01-04-2019,maandag,7.1,720.0,0.0,0.0,0.0,0.0,9200.4,9200.4,70658.0,99.0,37.0,399.0,0.0,0.0,0.0,0.0,0.0,0.0,0.0,0.0,0.0,0.0,0.0,0.0,0.0,0.0,0,0,0,0,0,0,1,0
