Date,Weekday,Avg. Temperature,sunshine_duration_in_min,rain_time_in_min,Costs,Clicks,TV,Radio,ATL - Media,Users,aantal_geaccepterrd,unieke_opens,Partner Voucherorders,Marketing_campagne_cat,Multi-cat_type,Speciale_dag,Grand Total
01-01-2017,zondag,0.5,0,300,1051.99,2949,,,,33826,1012,328,64,,,,9423
02-01-2017,maandag,3,258,60,2548.93,5755,,,,55046,250,116,147,Multi-cat,Beverage,,21430
03-01-2017,dinsdag,5,30,36,2429.84,5813,,,,36489,447,128,153,Multi-cat,Beverage,,18638
04-01-2017,woensdag,5.8,198,66,2715.1,5908,,,,43876,1862,646,162,Multi-cat,Beverage,,18170
05-01-2017,donderdag,0,348,0,2514.28,5770,,,,39234,394,206,168,Multi-cat,Beverage,,16357
06-01-2017,vrijdag,-3,372,0,2353.19,5275,,,,28514,607,205,174,Multi-cat,Beverage,,14499
07-01-2017,zaterdag,-0.2,0,564,2031.71,3872,,,,19936,406,140,40,Multi-cat,Beverage,,8582
08-01-2017,zondag,4.3,0,0,2496.7,5085,,,,26551,580,222,70,Multi-cat,Beverage,,14054
09-01-2017,maandag,4.8,0,246,4066.19,7404,,,,49637,497,205,85,"Flowers, Cards, Balloons, Chocolate",,,18956
10-01-2017,dinsdag,5.3,60,288,3543.66,7030,,,,55365,1284,402,104,"Flowers, Cards, Balloons, Chocolate",,,18561
11-01-2017,woensdag,7.2,168,96,3455.97,7227,,,,37128,386,154,122,"Flowers, Cards, Balloons, Chocolate",,,18395
12-01-2017,donderdag,5.2,84,480,3214.54,6707,,,,31391,392,130,118,"Flowers, Cards, Balloons, Chocolate",,,17516
13-01-2017,vrijdag,3.1,192,324,2771.66,6073,,,,37585,1170,413,144,"Flowers, Cards, Balloons, Chocolate",,,14707
14-01-2017,zaterdag,1.8,138,216,2207.8,4128,,,,22456,780,256,84,"Flowers, Cards, Balloons, Chocolate",,,8859
15-01-2017,zondag,0.7,198,0,2728.02,5595,,,,26918,969,295,118,"Flowers, Cards, Balloons, Chocolate",,,14407
16-01-2017,maandag,-1.6,108,0,3630.21,7402,,,,42163,1008,272,133,"Flowers, Cards, Balloons, Chocolate",,,19363
17-01-2017,dinsdag,-3.4,216,0,3313.74,7025,,,,46175,400,119,104,"Flowers, Cards, Balloons, Chocolate",,,17960
18-01-2017,woensdag,-3.8,108,0,3501.53,7334,,,,41702,323,100,115,"Flowers, Cards, Balloons, Chocolate",,,17240
19-01-2017,donderdag,-2,402,0,3106.72,6743,,,,62092,234,61,119,"Flowers, Cards, Balloons, Chocolate",,,15703
20-01-2017,vrijdag,-0.3,426,0,2933.99,6230,,,,50209,800,326,93,"Flowers, Cards, Balloons, Chocolate",,,14559
21-01-2017,zaterdag,-0.2,450,0,2255.31,4257,,,,26756,1377,319,117,"Flowers, Cards, Balloons, Chocolate",,,8134
22-01-2017,zondag,-1.7,450,0,2662.99,5746,,,,42298,1419,458,333,"Flowers, Cards, Balloons, Chocolate",,,21859
23-01-2017,maandag,1.6,12,0,4094.46,8435,,,,53244,224,67,329,Cards,,,23892
24-01-2017,dinsdag,0.8,0,24,4001.31,8367,,,,43676,677,167,251,Cards,,,22070
25-01-2017,woensdag,-1.1,0,0,3321,8145,,,,34376,322,156,185,Cards,,,20038
26-01-2017,donderdag,-2.8,390,0,3565.06,8014,,,,92725,7,0,176,Cards,,,21728
27-01-2017,vrijdag,0.8,342,0,3218.65,6999,,,,44974,243,78,162,Cards,,,18068
28-01-2017,zaterdag,5.4,96,0,2431.83,4678,,,,26530,167,64,173,Cards,,,10290
29-01-2017,zondag,4.7,30,252,3508.37,6836,,,,32850,217,66,433,Cards,,,17912
30-01-2017,maandag,4.9,0,480,5033.59,10682,,,,62948,1,5,1010,Flowers,,,36635
31-01-2017,dinsdag,3.7,48,0,5024.84,9390,,,,44086,8,14,1009,Flowers,,,19168
01-02-2017,woensdag,3.4,0,180,5232.55,9715,,,,47396,488,162,967,Flowers,,,19478
02-02-2017,donderdag,8.6,186,108,4457.2,9253,,,,60050,910,333,1068,Flowers,,,22645
03-02-2017,vrijdag,8.6,90,18,4019.05,8796,,,,43764,290,78,1072,Flowers,,,18148
04-02-2017,zaterdag,5.7,12,534,3315.36,6708,,,,30486,254,67,798,Flowers,,,10386
05-02-2017,zondag,4.4,246,0,3753.36,9112,,,,47198,299,71,1114,Flowers,,,17961
06-02-2017,maandag,4.3,0,0,5923.81,14662,,,,93909,772,291,1640,"Cards, Balloons, Chocolate, Flowers",,,25904
07-02-2017,dinsdag,2.4,0,624,7173.67,15389,,,,91083,564,216,1755,"Cards, Balloons, Chocolate, Flowers",,,24701
08-02-2017,woensdag,0,0,42,7826.53,16151,,,,111328,39,7,2113,"Cards, Balloons, Chocolate, Flowers",,,26222
09-02-2017,donderdag,-1.6,0,0,8066.43,17191,,,,106882,331,202,2588,"Cards, Balloons, Chocolate, Flowers",,,27742
10-02-2017,vrijdag,-2.3,0,84,8805.88,17774,,,,115021,122,39,2602,"Cards, Balloons, Chocolate, Flowers",,,32650
11-02-2017,zaterdag,-0.4,0,426,9111.7,16646,,,,72246,316,79,2363,"Cards, Balloons, Chocolate, Flowers",,,23322
12-02-2017,zondag,0.7,270,42,13168.55,26244,,,,120138,255,73,3307,"Cards, Balloons, Chocolate, Flowers",,,42684
13-02-2017,maandag,2.2,522,0,9074.84,39756,,,,181337,110,19,4398,"Cards, Balloons, Chocolate, Flowers",,,80908
14-02-2017,dinsdag,3.8,522,0,6503.84,18848,,,,95502,305,2,989,"Cards, Balloons, Chocolate, Flowers",,Valentijn,18869
15-02-2017,woensdag,7.4,450,0,4695.48,10157,,,,49607,337,70,885,"Cards, Balloons",,,18876
16-02-2017,donderdag,6.8,42,12,4207.9,8334,,,,38162,400,132,724,"Cards, Balloons",,,18056
17-02-2017,vrijdag,7,12,72,3547.02,6902,,,,32848,41,6,612,"Cards, Balloons",,,15034
18-02-2017,zaterdag,5.6,294,0,2864.77,4845,,,,21259,37,0,422,"Cards, Balloons",,,8574
19-02-2017,zondag,6.2,24,48,3686.61,6701,,,,27560,17,4,614,"Cards, Balloons",,,14663
20-02-2017,maandag,9.1,0,342,4701.23,9171,,,,64480,40,4,796,"Cards, Balloons",,,26384
21-02-2017,dinsdag,9.6,324,78,4267.47,8493,,,,56755,32,0,647,"Cards, Balloons",,,22336
22-02-2017,woensdag,9.5,0,768,4458.27,8855,,,,51068,53,26,750,"Cards, Balloons",,,21852
23-02-2017,donderdag,8,12,918,4030.38,8294,,,,46839,23,1,640,"Cards, Balloons",,,20641
24-02-2017,vrijdag,4.5,408,30,3892.24,7250,,,,34103,23,0,616,"Cards, Balloons",,,16864
25-02-2017,zaterdag,5.8,30,126,2921.54,4750,,,,21894,16,0,399,"Cards, Balloons",,,9547
26-02-2017,zondag,8.7,0,168,3352.89,6331,,,,35932,5,0,805,"Cards, Balloons",,,23398
27-02-2017,maandag,8.7,18,246,4906.06,8749,,,,54185,33,0,1131,Multi-cat,"Chocolate, Beverage",,20996
28-02-2017,dinsdag,4.7,126,210,4682.45,8881,,,,44396,28,0,1512,Multi-cat,"Chocolate, Beverage",,21350
01-03-2017,woensdag,6.3,228,348,4771.71,8785,,,,36326,29,1,24,Multi-cat,"Chocolate, Beverage",,20220
02-03-2017,donderdag,6.6,66,300,4790.7,8671,,,,67623,22,0,12,Multi-cat,"Chocolate, Beverage",,22282
03-03-2017,vrijdag,5.9,84,90,3840.26,7171,,,,38610,43,0,15,Multi-cat,"Chocolate, Beverage",,17322
04-03-2017,zaterdag,9.2,36,222,2944.31,5096,,,,23896,33,0,25,Multi-cat,"Chocolate, Beverage",,10562
05-03-2017,zondag,6.9,252,240,3694.8,6660,,,,28939,3,0,20,Multi-cat,"Chocolate, Beverage",,17482
06-03-2017,maandag,6,258,132,5347.11,9811,,,,68166,61,2,19,"Flowers, Cards",,,24175
07-03-2017,dinsdag,6.7,96,6,5350.24,9776,,,,63401,29,1,25,"Flowers, Cards",,,21947
08-03-2017,woensdag,5.9,12,516,5741.25,10169,,,,64341,37,10,17,"Flowers, Cards",,,23396
09-03-2017,donderdag,7.7,270,24,4720.31,8635,,,,53135,53,82,19,"Flowers, Cards",,,20735
10-03-2017,vrijdag,6.5,480,0,4149.89,7375,,,,39314,30,1,9,"Flowers, Cards",,,16917
11-03-2017,zaterdag,7.3,384,0,2694.33,4780,,,,23162,0,0,15,"Flowers, Cards",,,9294
12-03-2017,zondag,7.9,588,0,3424.13,6031,,,,37212,7,0,26,"Flowers, Cards",,,14702
13-03-2017,maandag,6.5,486,0,5378.06,9135,,,,58846,56,0,20,Flowers,,,23505
14-03-2017,dinsdag,8.8,270,0,5067.12,8729,,,,40426,47,0,16,Flowers,,,20383
15-03-2017,woensdag,9,504,0,4916,8297,,,,54867,43,0,21,Flowers,,,19079
16-03-2017,donderdag,9.4,654,0,4282.9,7899,,,,36498,41,0,9,Flowers,,,18342
17-03-2017,vrijdag,8.3,252,216,4857.59,8739,,,,34889,50,4,19,Flowers,,,18606
18-03-2017,zaterdag,9.7,6,480,3859.47,6300,,,,25630,55,0,28,Flowers,,,12018
19-03-2017,zondag,11.3,42,60,5156.58,8167,,,,32751,16,0,24,Flowers,,,18861
20-03-2017,maandag,10.3,0,588,7017.82,11458,,,,53886,50,5,29,Flowers,,,28978
21-03-2017,dinsdag,7.5,528,0,5597.57,9578,,,,62592,84,52,21,Cards,,,21564
22-03-2017,woensdag,6.3,510,0,5064.03,9015,,,,48910,57,1,17,Cards,,,22726
23-03-2017,donderdag,8.2,654,0,4937.85,8665,,,,50403,54,10,24,Cards,,,25284
24-03-2017,vrijdag,8.4,660,0,4602.51,8134,,,,34228,69,12,17,Cards,,,20304
25-03-2017,zaterdag,8.5,630,0,3094.02,5174,,,,21734,45,0,8,Cards,,,9852
26-03-2017,zondag,8,438,0,4233.8,6612,,,,31335,22,0,43,Cards,,,17685
27-03-2017,maandag,9.2,690,0,5894.06,9594,,,,80794,98,0,36,Cards,,,37379
28-03-2017,dinsdag,11.3,684,6,5522.53,8526,,,,41643,61,0,24,"Cards, Balloons",,,18389
29-03-2017,woensdag,12.6,72,0,5847.83,9562,,,,38879,66,10,43,"Cards, Balloons",,,21072
30-03-2017,donderdag,15.7,366,0,4922.75,8571,,,,45181,71,2,44,"Cards, Balloons",,,20999
31-03-2017,vrijdag,14.5,330,30,4452.85,7710,,,,32419,75,104,109,"Cards, Balloons",,,18190
01-04-2017,zaterdag,10.8,12,0,3419.73,5233,,,,22049,57,66,5,"Cards, Balloons",,,10095
02-04-2017,zondag,10.3,588,0,3840.31,6016,,,,23920,12,89,1,"Cards, Balloons",,,16539
03-04-2017,maandag,8.1,288,0,5881.61,9745,,,,49352,84,66,26,Flowers,,,24678
04-04-2017,dinsdag,9.8,396,0,5524.86,9009,,,,43459,256,109,5,Flowers,,,21737
05-04-2017,woensdag,9.2,312,0,5670.88,9806,,,,46349,74,3,7,Flowers,,,22627
06-04-2017,donderdag,8.1,156,0,5425.85,9308,,,,49657,54,0,7,Flowers,,,19941
07-04-2017,vrijdag,10.5,90,0,4613.08,7777,,,,51058,76,1,4,Flowers,,Dag van het bier,16568
08-04-2017,zaterdag,9.6,300,0,2979.78,5197,,,,28967,75,3,3,Flowers,,,9693
09-04-2017,zondag,11.7,738,0,3295.2,5427,,,,24555,16,0,1,Flowers,,,12633
10-04-2017,maandag,9.8,318,0,5744.49,9833,,,,78800,98,16,5,Multi-cat,"Chocolate, Flowers, Cards",,48911
11-04-2017,dinsdag,9.6,516,0,6001.59,9471,,,,49443,299,66,4,Multi-cat,"Chocolate, Flowers, Cards",,20817
12-04-2017,woensdag,9.8,54,84,6454.49,10098,,,,44434,276,57,5,Multi-cat,"Chocolate, Flowers, Cards",,22873
13-04-2017,donderdag,9.3,462,0,5621.04,9293,,,,52562,332,108,186,Multi-cat,"Chocolate, Flowers, Cards",,21010
14-04-2017,vrijdag,9.9,162,0,5200.7,8484,,,,38925,258,88,29,Multi-cat,"Chocolate, Flowers, Cards",,17080
16-04-2017,zondag,7.9,204,174,2145.77,4133,,,,21794,36,13,6,Multi-cat,"Chocolate, Flowers, Cards",Pasen,8102
17-04-2017,maandag,6.5,432,324,3164.21,6107,,,,31826,71,26,11,Chocolate,,Pasen,9929
18-04-2017,dinsdag,6.1,540,0,5870.17,10198,,,,66799,364,137,281,Chocolate,,,16292
19-04-2017,woensdag,3.9,420,0,5698.5,10699,,,,62361,263,58,53,Chocolate,,,22008
20-04-2017,donderdag,6.9,726,0,5347.47,10936,,,,56354,509,153,29,Chocolate,,Secretaressedag,21566
21-04-2017,vrijdag,11.1,24,96,3663.42,6872,,,,38128,6652,3009,9,Chocolate,,,20494
22-04-2017,zaterdag,7.8,444,84,2848.17,5082,,,,31382,9745,3947,6,Chocolate,,,17697
23-04-2017,zondag,6.6,324,6,3890.63,6341,,,,32712,7457,2734,6,Chocolate,,,10286
24-04-2017,maandag,9.3,204,156,5925.28,9354,,,,61955,1365,414,8,Cards,,,17496
25-04-2017,dinsdag,5.9,582,66,5634.45,8939,,,,45525,148,20,6,Cards,,,30031
26-04-2017,woensdag,5,534,12,4790.11,7818,,,,34638,180,19,4,Cards,,,24513
27-04-2017,donderdag,6.1,612,0,3415.32,5579,,,,26555,159,71,1,Cards,,Koningsdag,18128
28-04-2017,vrijdag,7.6,258,120,4927.33,7808,,,,37266,82,7,3,Cards,,,14769
29-04-2017,zaterdag,7.6,432,0,3651.77,5676,,,,27468,89,9,3,Cards,,World Wish day,18981
30-04-2017,zondag,12.3,678,0,4480.98,7169,,,,42792,43,8,4,Cards,,,12737
01-05-2017,maandag,11.7,48,162,7636.25,11600,,,,47253,145,20,5,Multi-cat,Moederdag assortiment,,28122
02-05-2017,dinsdag,10,120,366,7024.4,10981,,,,53752,194,51,2,Multi-cat,Moederdag assortiment,,24615
03-05-2017,woensdag,10.7,144,258,7015.05,11945,,,,41418,26,11,5,Multi-cat,Moederdag assortiment,,22495
04-05-2017,donderdag,10.4,162,0,6316.3,11088,,,,71667,68,42,3,Multi-cat,Moederdag assortiment,,21943
05-05-2017,vrijdag,8.9,18,0,5778.94,10339,,,,67600,55,157,2,Multi-cat,Moederdag assortiment,,23330
06-05-2017,zaterdag,12.8,672,0,4235.99,7326,,,,48512,98,37,0,Multi-cat,Moederdag assortiment,,19074
07-05-2017,zondag,11.7,162,0,6209.32,10546,,,,67919,40,11,25,Multi-cat,Moederdag assortiment,Bevrijdingsdag,11139
08-05-2017,maandag,9.7,384,0,10110.99,17365,,,,119244,49,15,178,"Flowers, Cards, Chocolate",,,20659
09-05-2017,dinsdag,8,396,0,10973.89,17379,,,,85614,46,12,63,"Flowers, Cards, Chocolate",,,35561
10-05-2017,woensdag,9,570,0,11584.78,18208,,,,88317,48,31,60,"Flowers, Cards, Chocolate",,Dag van de receptionisten,30859
11-05-2017,donderdag,15.4,708,36,10455.82,17683,,,,91176,66,43,44,"Flowers, Cards, Chocolate",,,31052
12-05-2017,vrijdag,15.5,162,204,11513.36,22072,,,,93093,47,31,37,"Flowers, Cards, Chocolate",,Dag van de verpleging,36103
13-05-2017,zaterdag,14,126,102,12644.58,20787,,,,97056,33,4,33,"Flowers, Cards, Chocolate",,,39567
14-05-2017,zondag,13.4,540,36,8712.05,12675,,,,56385,83,10,1,"Flowers, Cards, Chocolate",,Moederdag,33469
15-05-2017,maandag,14.9,582,0,7478.55,10802,,,,42770,69,16,1,Multi-cat,"Cards, Beverages, Balloons, Flowers",,19076
16-05-2017,dinsdag,20.4,108,0,6662.74,10004,,,,56521,77,25,3,Multi-cat,"Cards, Beverages, Balloons, Flowers",,21864
17-05-2017,woensdag,22.3,462,0,6114.68,8817,,,,50381,42,10,0,Multi-cat,"Cards, Beverages, Balloons, Flowers",,21250
18-05-2017,donderdag,16.5,66,54,6182.98,9959,,,,59225,43,12,5,Multi-cat,"Cards, Beverages, Balloons, Flowers",,19054
19-05-2017,vrijdag,13.6,42,0,5935.6,9587,,,,54776,19,6,49,Multi-cat,"Cards, Beverages, Balloons, Flowers",,19501
20-05-2017,zaterdag,12.5,582,30,3872.45,6190,,,,29856,53,11,216,Multi-cat,"Cards, Beverages, Balloons, Flowers",,18577
21-05-2017,zondag,14.4,642,0,4161.22,7239,,,,33025,49,16,146,Multi-cat,"Cards, Beverages, Balloons, Flowers",,10649
22-05-2017,maandag,17.6,750,0,5495.29,9972,,,,48839,94,25,148,"Cards, Balloons",,,15563
23-05-2017,dinsdag,16.1,708,0,5335.54,9936,,,,42944,54,54,78,"Cards, Balloons",,,27910
24-05-2017,woensdag,15.9,504,0,3727.36,8099,,,,43217,80,96,114,"Cards, Balloons",,,22063
25-05-2017,donderdag,17.4,876,0,2813.94,5977,,,,27276,54,9,70,"Cards, Balloons",,Hemelvaart,18114
26-05-2017,vrijdag,20.3,888,0,3224.59,6597,,,,35104,51,11,72,"Cards, Balloons",,,14488
27-05-2017,zaterdag,22.9,816,0,2235.64,4437,,,,21614,26,8,64,"Cards, Balloons",,,15019
28-05-2017,zondag,20.5,702,0,3344.87,6613,,,,26003,21,5,21,"Cards, Balloons",,,8926
29-05-2017,maandag,21.9,558,24,5093.77,10747,,,,52224,310,118,6,Balloons,,,17147
30-05-2017,dinsdag,18.3,240,0,5377.95,10641,,,,42461,43,27,5,Balloons,,,36312
31-05-2017,woensdag,17.4,714,0,4761.26,10274,,,,39826,95,61,9,Balloons,,,23298
01-06-2017,donderdag,16.6,912,0,4049.88,9356,,,,71207,34,44,11,Balloons,,,22313
02-06-2017,vrijdag,19.8,612,0,3452.95,8132,,,,57256,53,7,4,Balloons,,,21621
03-06-2017,zaterdag,18.4,324,36,1801.13,4927,,,,30208,23,3,1,Balloons,,,17849
04-06-2017,zondag,15.4,684,0,2288.13,5426,,,,26254,24,4,2,Balloons,,Pinksteren,9199
05-06-2017,maandag,17.1,438,0,3009.32,7276,,,,38536,56,15,3,Flowers,,,12536
06-06-2017,dinsdag,14.1,150,324,5512.89,11512,,,,59670,116,33,6,Flowers,,Best friends day,18754
07-06-2017,woensdag,14,282,132,5892.4,12061,,,,60320,70,22,6,Flowers,,,26775
08-06-2017,donderdag,16.8,282,30,5370.51,10970,,,,48582,42,48,4,Flowers,,,24868
09-06-2017,vrijdag,16.5,450,360,5164.64,10934,,,,45210,131,110,4,Flowers,,,22484
10-06-2017,zaterdag,17.8,642,0,3222.36,6405,,,,27235,18,0,1,Flowers,,,19829
11-06-2017,zondag,19.9,300,0,3952.14,8273,,,,35957,56,8,4,Flowers,,,9449
12-06-2017,maandag,16.1,144,0,6888.6,14070,,,,94719,52,17,10,Multi-cat,"Beverage, Cards, Flowers, Balloons",Dag van de rode rozen,16104
13-06-2017,dinsdag,16.3,522,0,6930.3,14119,,,,86722,101,24,13,Multi-cat,"Beverage, Cards, Flowers, Balloons",,27278
14-06-2017,woensdag,17.4,906,0,8378.53,18045,,,,103524,62,17,18,Multi-cat,"Beverage, Cards, Flowers, Balloons",Examenuitslag,25930
15-06-2017,donderdag,20,684,0,7911.36,15492,,,,78857,26,7,11,Multi-cat,"Beverage, Cards, Flowers, Balloons",,38290
16-06-2017,vrijdag,16.2,222,0,7377.31,15807,,,,70079,41,13,20,Multi-cat,"Beverage, Cards, Flowers, Balloons",,32382
17-06-2017,zaterdag,18.6,330,0,5169.61,11196,,,,55008,39,7,6,Multi-cat,"Beverage, Cards, Flowers, Balloons",,32568
18-06-2017,zondag,20.8,768,0,4600.5,9713,,,,41360,58,16,6,Multi-cat,"Beverage, Cards, Flowers, Balloons",Vaderdag,19560
19-06-2017,maandag,23.6,912,0,7020.51,11023,,,,46312,78,23,12,Cards,,,15582
20-06-2017,dinsdag,21.6,558,0,7074.53,11755,,,,48486,62,41,13,Cards,,,21984
21-06-2017,woensdag,21.4,738,0,6520.5,10995,,,,41724,45,109,166,Cards,,Start zomer,23702
22-06-2017,donderdag,22.9,462,48,6582.79,11075,,,,39470,56,16,70,Cards,,,23581
23-06-2017,vrijdag,19.6,414,0,5383.54,9853,,,,37637,39,19,60,Cards,,,19925
24-06-2017,zaterdag,17.1,0,336,4187.72,7527,,,,28715,30,6,46,Cards,,,18676
25-06-2017,zondag,17.5,42,156,5221.44,9458,,,,780,58,15,75,Cards,,,13330
26-06-2017,maandag,16.8,630,0,7917.31,13066,,,,62438,346,88,75,"Cake, Flowers",,,20009
27-06-2017,dinsdag,17.3,252,72,8041.19,13172,,,,59265,91,18,69,"Cake, Flowers",,,26084
28-06-2017,woensdag,18,12,288,8394.45,14359,,,,70950,23,9,66,"Cake, Flowers",,,23006
29-06-2017,donderdag,17.5,60,6,7799.75,13632,,,,74954,36,9,61,"Cake, Flowers",,,24114
30-06-2017,vrijdag,16.2,24,180,7570,13544,,,,56846,55,14,71,"Cake, Flowers",,,21883
01-07-2017,zaterdag,16.1,108,330,5208.72,9620,,,,36016,35,6,40,"Cake, Flowers",,,20899
02-07-2017,zondag,15.6,372,48,6265.31,11772,,,,37991,58,5,70,"Cake, Flowers",,,10557
03-07-2017,maandag,16.6,498,36,8820.82,16700,,,,61928,,,64,"Cards, Flowers",,,20282
04-07-2017,dinsdag,18.6,378,0,8582.56,12056,,,,53678,116,66,43,"Cards, Flowers",,,30100
05-07-2017,woensdag,19,534,0,7780.88,13456,,,,51503,73,47,54,"Cards, Flowers",,,25578
06-07-2017,donderdag,19.9,480,246,7718.44,12790,,,,48633,23,22,123,"Cards, Flowers",,,24835
07-07-2017,vrijdag,20.6,528,0,6897.13,11047,,,,45415,19,97,185,"Cards, Flowers",,,24040
08-07-2017,zaterdag,18.5,162,0,5514.65,7865,,,,30056,26,6,91,"Cards, Flowers",,,19486
09-07-2017,zondag,17.2,780,0,5590.18,9075,,,,29832,15,3,144,"Cards, Flowers",,,11932
10-07-2017,maandag,19.6,282,0,7450.51,13795,,,,62236,44,11,182,Balloons,,,16583
11-07-2017,dinsdag,17.7,72,180,7283.1,13465,,,,64190,52,7,466,Balloons,,,27341
12-07-2017,woensdag,14.9,264,666,7322.69,13623,,,,56798,488,152,320,Balloons,,,25489
13-07-2017,donderdag,14.6,384,0,6390.49,12123,,,,62271,22,8,212,Balloons,,,24782
14-07-2017,vrijdag,14.2,360,150,5387.27,10989,,,,48197,28,12,207,Balloons,,,22669
15-07-2017,zaterdag,17.2,228,0,3389.79,7050,,,,30334,36,11,94,Balloons,,,18437
16-07-2017,zondag,18.6,24,36,4646.03,9207,,,,33286,58,22,124,Balloons,,,10833
17-07-2017,maandag,18.6,804,0,6238.31,11686,,,,39677,28,7,73,Multi-cat,"Flowers, Beverage, Cards, Cake",,16696
18-07-2017,dinsdag,19.9,726,0,5772.15,10985,,,,55030,43,8,101,Multi-cat,"Flowers, Beverage, Cards, Cake",,21131
19-07-2017,woensdag,23.5,438,0,5195.76,10561,,,,38997,58,13,112,Multi-cat,"Flowers, Beverage, Cards, Cake",,21150
20-07-2017,donderdag,19.1,168,174,5721.92,11601,,,,40324,67,22,136,Multi-cat,"Flowers, Beverage, Cards, Cake",,18749
21-07-2017,vrijdag,18.2,780,0,4730.89,9771,,,,30178,23,3,111,Multi-cat,"Flowers, Beverage, Cards, Cake",,20251
22-07-2017,zaterdag,19.4,450,132,3300.03,6982,,,,30429,29,9,109,Multi-cat,"Flowers, Beverage, Cards, Cake",,16111
23-07-2017,zondag,16,282,174,4049.64,9059,,,,29859,56,7,43,Multi-cat,"Flowers, Beverage, Cards, Cake",,9506
24-07-2017,maandag,0,0,0,6155.18,12516,,,,49355,31,59,35,Flowers,,,16955
25-07-2017,dinsdag,16.7,228,0,6271.58,12539,,,,49861,35,55,38,Flowers,,,25400
26-07-2017,woensdag,19,552,0,5085.36,10257,,,,49225,49,37,27,Flowers,,,20568
27-07-2017,donderdag,18.5,282,0,5262.79,10408,,,,52062,17,4,35,Flowers,,,19524
28-07-2017,vrijdag,17.2,204,84,5089.76,9623,,,,37551,29,19,36,Flowers,,,19785
29-07-2017,zaterdag,18.2,54,198,4163.15,7170,,,,26715,40,9,22,Flowers,,,17052
30-07-2017,zondag,18.8,528,18,3876.03,7921,,,,27161,24,7,47,Flowers,,,11059
31-07-2017,maandag,18.1,384,0,5326.29,10248,,,,51010,26,10,74,Cards,,,15844
01-08-2017,dinsdag,17.8,162,0,4760.51,9845,,,,39266,35,6,9,Cards,,,28055
02-08-2017,woensdag,17.6,48,264,4454.13,9536,,,,35072,122,32,5,Cards,,,22535
03-08-2017,donderdag,19,390,66,4639.21,9898,,,,47162,25,10,91,Cards,,,21622
04-08-2017,vrijdag,18.3,534,30,4058.8,8591,,,,34933,133,54,89,Cards,,,22266
05-08-2017,zaterdag,15.9,144,60,2856.25,6006,,,,24535,17,5,89,Cards,,,19497
06-08-2017,zondag,15.8,600,0,2929.17,7265,,,,34824,6,1,160,Cards,,,11913
07-08-2017,maandag,16.8,714,0,4669.82,9401,,,,34889,81,17,122,Multi-cat,"Cards, Flowers, Beverage",,25167
08-08-2017,dinsdag,16.2,60,294,5325.27,10742,,,,54744,15,4,157,Multi-cat,"Cards, Flowers, Beverage",,19760
09-08-2017,woensdag,16.7,462,0,4998.83,9625,,,,47323,23,6,142,Multi-cat,"Cards, Flowers, Beverage",,23301
10-08-2017,donderdag,15.7,18,108,4880.36,9971,,,,55920,25,4,143,Multi-cat,"Cards, Flowers, Beverage",,20722
11-08-2017,vrijdag,16.7,222,36,4296.25,8789,,,,42356,46,13,165,Multi-cat,"Cards, Flowers, Beverage",,20257
12-08-2017,zaterdag,16.8,150,258,3141.71,6407,,,,28669,41,11,126,Multi-cat,"Cards, Flowers, Beverage",,17015
13-08-2017,zondag,16.2,498,0,3458.04,7563,,,,36220,24,3,145,Multi-cat,"Cards, Flowers, Beverage",,10307
14-08-2017,maandag,17.9,564,0,5300.66,10371,,,,49177,30,9,189,"Cards, Balloons",,,15472
15-08-2017,dinsdag,17.9,132,108,6106.7,11535,,,,42352,37,8,174,"Cards, Balloons",,,21849
16-08-2017,woensdag,17.6,264,0,4972.77,9960,,,,34813,49,13,177,"Cards, Balloons",,,23303
17-08-2017,donderdag,17.3,66,162,5131.73,10466,,,,36294,51,18,73,"Cards, Balloons",,,19378
18-08-2017,vrijdag,16.9,114,66,4722.79,9391,,,,34555,54,11,63,"Cards, Balloons",,,20575
19-08-2017,zaterdag,15.4,408,246,3885.61,7052,,,,24643,65,11,23,"Cards, Balloons",,,16901
20-08-2017,zondag,15.8,564,0,4635.43,8791,,,,26472,36,9,53,"Cards, Balloons",,,10297
21-08-2017,maandag,15.9,114,0,6909.65,12044,,,,76099,34,8,54,"Balloons, Flowers, Cake",,,16813
22-08-2017,dinsdag,18.2,582,0,6264.53,11416,,,,54954,46,39,27,"Balloons, Flowers, Cake",,,26937
23-08-2017,woensdag,19.6,432,0,5885.01,10547,,,,45660,24,49,39,"Balloons, Flowers, Cake",,,21932
24-08-2017,donderdag,17.9,336,0,6000.48,11875,,,,59753,55,15,40,"Balloons, Flowers, Cake",,,20922
25-08-2017,vrijdag,16.9,552,0,5676.16,10791,,,,40483,42,20,27,Flowers,,,26635
26-08-2017,zaterdag,18.2,486,0,3856.84,7091,,,,26299,30,3,13,Flowers,,,19586
27-08-2017,zondag,17.8,612,0,4061.06,8303,,,,29144,41,8,28,Flowers,,,10198
28-08-2017,maandag,18.7,648,0,6803.16,14115,,,,70072,99,31,24,Flowers,,,15758
29-08-2017,dinsdag,21,450,30,6141.67,12110,,,,70955,43,10,21,Flowers,,,41102
30-08-2017,woensdag,17.8,24,432,7349.6,14103,,,,58542,69,31,34,Flowers,,,23367
31-08-2017,donderdag,14.4,360,150,7075.68,13817,,,,62002,80,18,39,Flowers,,,25942
01-09-2017,vrijdag,14.7,246,54,7111.79,11847,,,,50894,102,21,23,Flowers,,,23832
02-09-2017,zaterdag,13.3,492,0,5044.35,7729,,,,33188,,,11,Flowers,,,20604
03-09-2017,zondag,13,462,0,5980.25,9498,,,,32276,14,3,7,Flowers,,,10976
04-09-2017,maandag,15.8,366,0,8347.39,13660,,,,53863,81,27,23,Flowers,,,16915
05-09-2017,dinsdag,18.6,108,24,8459.24,14349,,,,45028,64,9,23,Flowers,,,26352
06-09-2017,woensdag,15.9,198,144,8218.47,13975,,,,42673,22,6,22,Flowers,,,25745
07-09-2017,donderdag,15.6,108,90,7304.3,13278,,,,42306,56,14,19,Flowers,,,24705
08-09-2017,vrijdag,15.1,0,0,6793.23,12666,,,,45820,71,14,12,Flowers,,,21965
09-09-2017,zaterdag,13.2,264,444,4742.26,8621,,,,30784,42,9,11,Flowers,,,20959
10-09-2017,zondag,13.9,408,24,5490.26,10425,,,,34085,51,11,12,Flowers,,,12778
11-09-2017,maandag,14.1,300,300,8300.83,14981,,,,65922,74,27,17,Flowers,,,19000
12-09-2017,dinsdag,14.6,576,0,6953.04,13698,,,,54936,89,29,21,"Chocolate, Cake",,,28494
13-09-2017,woensdag,14.1,348,336,7116.89,14218,,,,63185,36,12,19,"Chocolate, Cake",,,22551
14-09-2017,donderdag,0,0,0,6419.78,13113,,,,45525,41,16,31,"Chocolate, Cake",,,25988
15-09-2017,vrijdag,0,0,0,5258.47,11840,,,,78042,45,14,1664,"Chocolate, Cake",,,20606
16-09-2017,zaterdag,0,0,0,3871.33,8416,,,,41343,,,772,"Chocolate, Cake",,,21351
17-09-2017,zondag,0,0,0,4471.51,9816,,,,37356,59,14,743,"Chocolate, Cake",,,11259
18-09-2017,maandag,12,318,42,7352.38,14317,,,,62355,38,10,826,Cards,,,17736
19-09-2017,dinsdag,12,258,0,6766.93,13109,,,,50060,38,22,531,Cards,,,32351
20-09-2017,woensdag,13.5,210,30,7064.47,13628,,,,47657,123,24,442,Cards,,,25821
21-09-2017,donderdag,13.4,486,0,7019.92,12948,,,,41515,50,22,345,Cards,,,26619
22-09-2017,vrijdag,11.9,216,12,6255.64,11706,,,,43769,28,11,376,Cards,,,23170
23-09-2017,zaterdag,10.9,612,0,3608.35,6991,,,,26594,17,6,154,Cards,,,22179
24-09-2017,zondag,12.1,534,0,4416.13,9398,,,,39617,14,6,274,Cards,,,11116
25-09-2017,maandag,14.2,78,0,8213.52,14505,,,,49634,41,14,358,Multi-cat,"Flowers, Beverage, Balloons, Cake",,28634
26-09-2017,dinsdag,13.2,210,0,7587.33,13699,,,,48670,49,15,288,Multi-cat,"Flowers, Beverage, Balloons, Cake",,25288
27-09-2017,woensdag,13.6,390,0,6966.54,12861,,,,57511,56,23,280,Multi-cat,"Flowers, Beverage, Balloons, Cake",,23545
28-09-2017,donderdag,15.8,96,72,7516.96,13663,,,,73462,25,81,272,Multi-cat,"Flowers, Beverage, Balloons, Cake",,23865
29-09-2017,vrijdag,17.1,288,78,6270.61,11935,,,,51344,44,57,191,Multi-cat,"Flowers, Beverage, Balloons, Cake",,23193
30-09-2017,zaterdag,13.1,48,222,4476.74,8660,,,,34669,26,11,154,Multi-cat,"Flowers, Beverage, Balloons, Cake",,21619
01-10-2017,zondag,14.1,174,0,5323.2,10116,,,,34453,38,13,190,Cards,,,11445
02-10-2017,maandag,15.6,138,48,8573.02,15057,,,,59601,14,56,257,Cards,,,18553
03-10-2017,dinsdag,13.6,354,24,8429.31,14281,,,,56321,56,24,218,Cards,,,26603
04-10-2017,woensdag,13,18,150,8364.62,13904,,,,55452,63,29,201,Cards,,,23694
05-10-2017,donderdag,12.9,342,0,7659.87,13367,,,,51227,30,18,166,Cards,,,23449
06-10-2017,vrijdag,11.6,372,96,6069.28,11379,,,,56991,22,8,169,Cards,,,21988
07-10-2017,zaterdag,12.2,0,390,4076.76,8195,,,,34588,19,3,124,Cards,,,19525
08-10-2017,zondag,12.1,174,12,4779.35,10003,,,,33119,11,2,175,Cards,,,11562
09-10-2017,maandag,12.1,0,222,7967.99,14782,,,,63941,58,12,255,Cards,,,18472
10-10-2017,dinsdag,14.3,54,30,7200.7,13965,,,,67125,47,8,229,Cards,,,30261
11-10-2017,woensdag,14.8,6,12,6652.76,13022,,,,57890,19,9,1731,Cards,,,23837
12-10-2017,donderdag,13.4,318,12,5876.6,11891,,,,44871,54,17,793,Cards,,,26785
13-10-2017,vrijdag,15.3,150,0,4822.89,10499,,,,45526,24,14,448,Cards,,,21709
14-10-2017,zaterdag,14.8,510,0,2946.97,6656,,,,29266,41,12,380,Cards,,,21220
15-10-2017,zondag,15.8,534,0,3154.27,7934,,,,34673,29,5,416,Cards,,,10064
16-10-2017,maandag,18.6,480,0,5155.05,11268,,,,43224,25,4,237,Flowers,,,18255
17-10-2017,dinsdag,12.9,42,0,4777.18,10999,,,,49962,70,13,204,Flowers,,,21106
18-10-2017,woensdag,13.7,438,0,4631.15,10389,,,,41581,23,7,181,Flowers,,,21345
19-10-2017,donderdag,15.7,354,0,4522.38,10471,,,,38439,36,14,123,Flowers,,,19291
20-10-2017,vrijdag,13.7,102,168,4251.88,10464,,,,35655,45,32,113,Flowers,,,18365
21-10-2017,zaterdag,13.2,318,24,2967.33,7518,,,,25205,19,3,87,Flowers,,,17882
22-10-2017,zondag,10.8,156,414,4121.9,10223,,,,30175,16,3,99,Flowers,,,10753
23-10-2017,maandag,12.6,282,0,5784.3,13478,,,,55770,17,15,103,Balloons,,,17842
24-10-2017,dinsdag,15.3,0,72,6291.93,14101,,,,44029,67,24,115,Balloons,,,24853
25-10-2017,woensdag,14.2,114,0,5838.92,13786,,,,43122,40,21,144,Balloons,,,24270
26-10-2017,donderdag,14,126,0,5366.16,12545,,,,40457,35,17,129,Balloons,,,25114
27-10-2017,vrijdag,11.8,414,12,4393.7,10841,,,,40123,25,13,83,Balloons,,,21290
28-10-2017,zaterdag,12.4,0,108,2907.29,7402,,,,28999,32,3,57,Balloons,,,20029
29-10-2017,zondag,10.7,294,60,4247.05,10041,,,,35235,40,4,149,Balloons,,,10499
30-10-2017,maandag,8.3,366,0,6163.85,13793,,,,54204,32,13,120,Multi-cat,Verjaardagstraktatie,,20704
31-10-2017,dinsdag,10.1,12,0,5757.02,13374,,,,42852,83,23,95,Multi-cat,Verjaardagstraktatie,,27657
01-11-2017,woensdag,11.2,54,0,5455.71,12975,,,,47932,71,21,89,Multi-cat,Verjaardagstraktatie,,22757
02-11-2017,donderdag,9.8,156,0,4901.83,11901,,,,52214,102,44,62,Multi-cat,Verjaardagstraktatie,,21650
03-11-2017,vrijdag,8.8,0,48,4572.18,10651,,,,39687,61,38,60,Multi-cat,Verjaardagstraktatie,,20349
04-11-2017,zaterdag,10.6,204,216,3228.29,7305,,,,28370,45,19,45,Multi-cat,Verjaardagstraktatie,,19313
05-11-2017,zondag,7.8,240,222,3965.56,9796,,,,32100,26,10,90,Multi-cat,Verjaardagstraktatie,,10631
06-11-2017,maandag,4.8,408,48,5742.98,13055,,,,57075,117,51,23,Cards,,,17474
07-11-2017,dinsdag,3.3,456,0,4951.86,11848,,,,44273,67,22,31,Cards,,,31154
08-11-2017,woensdag,5.9,0,0,5437.56,12381,,,,54371,37,10,29,Cards,,,23478
09-11-2017,donderdag,8.7,138,96,5074.35,11860,,,,44793,330,253,18,Cards,,,25457
10-11-2017,vrijdag,9.2,192,156,4491.34,10965,,,,42027,88,48,48,Cards,,,22677
11-11-2017,zaterdag,6.6,30,246,2777.4,7130,,,,30389,246,76,83,Cards,,,22869
12-11-2017,zondag,5.2,84,384,3650.67,10166,,,,39993,37,6,134,Cards,,,11659
13-11-2017,maandag,6.2,372,66,5580.99,12581,,,,45561,52,12,190,Flowers,,,27469
14-11-2017,dinsdag,7.7,48,108,5582.28,12650,,,,48615,73,23,287,Flowers,,,23851
15-11-2017,woensdag,9.4,0,384,5447.11,12069,,,,51726,35,145,330,Flowers,,,24281
16-11-2017,donderdag,9.3,0,144,4873.85,11663,,,,45775,141,42,307,Flowers,,,23973
17-11-2017,vrijdag,5.6,264,0,4152.5,10071,,,,37049,55,34,264,Flowers,,,21782
18-11-2017,zaterdag,6.9,60,192,3052.75,7349,,,,30140,25,5,121,Flowers,,,19548
19-11-2017,zondag,6.7,270,48,3952.96,9890,,,,33072,24,9,150,Flowers,,,10257
20-11-2017,maandag,7.8,0,744,6305.82,14803,,,,57747,15,10,155,Multi-cat,"Cards, Flowers",,17986
21-11-2017,dinsdag,11.5,0,210,5706.41,14091,,,,64939,63,20,111,Multi-cat,"Cards, Flowers",,29530
22-11-2017,woensdag,11.4,222,54,5137.79,12562,,,,45514,21,8,106,Multi-cat,"Cards, Flowers",,27036
23-11-2017,donderdag,11.1,78,60,4753.32,11821,,,,47476,48,17,95,Multi-cat,"Cards, Flowers",,24201
24-11-2017,vrijdag,6.9,108,168,4211.13,10579,,,,59810,66,30,56,Multi-cat,"Cards, Flowers",,25123
25-11-2017,zaterdag,3.7,126,6,3039.73,7364,,,,38362,31,8,36,Multi-cat,"Cards, Flowers",,20198
26-11-2017,zondag,5.3,192,132,4219.65,10225,,,,38023,23,4,83,Multi-cat,"Cards, Flowers",,13362
27-11-2017,maandag,6.7,0,546,8497.9,17357,,,,77634,49,22,86,Chocolate,,,22068
28-11-2017,dinsdag,5.4,84,48,7167.1,14893,,,,50967,78,49,66,Chocolate,,,37628
29-11-2017,woensdag,2.9,0,6,7143.26,13771,,,,53864,60,20,103,Chocolate,,,32765
30-11-2017,donderdag,1.5,54,48,7006.49,12938,,,,46179,124,40,110,Chocolate,,,33215
01-12-2017,vrijdag,0,42,0,5708.92,10989,,,,47902,46,27,25,Chocolate,,,32110
02-12-2017,zaterdag,-0.4,0,0,3887.89,7493,,,,32579,20,8,10,Chocolate,,,35245
03-12-2017,zondag,3.7,0,300,5867.49,11149,,,,38574,45,13,18,Chocolate,,,24740
04-12-2017,maandag,7,54,138,9213.59,15307,,,,81928,1906,1462,29,Multi-cat,Kerst,,45230
05-12-2017,dinsdag,7.6,0,0,9631.22,13414,,,,53261,320,189,19,Multi-cat,Kerst,,45105
06-12-2017,woensdag,8,0,0,11292.67,15392,,,,80553,81,59,20,Multi-cat,Kerst,,36021
07-12-2017,donderdag,5.9,0,198,9232.6,14491,,,,76244,72,27,25,Multi-cat,Kerst,,41777
08-12-2017,vrijdag,2.6,54,510,6308.06,12044,,,,51301,48,22,20,Multi-cat,Kerst,,44933
09-12-2017,zaterdag,2.1,72,738,4505.09,9095,,,,39709,39,16,12,Multi-cat,Kerst,,39970
10-12-2017,zondag,1.1,0,624,8836.21,14197,,,,55383,66,18,30,Multi-cat,Kerst,,27546
11-12-2017,maandag,-0.1,0,702,10019.86,17493,,,,77290,47,10,65,Multi-cat,Kerst,,65956
12-12-2017,dinsdag,1.8,210,48,9830.41,16881,,,,78833,75,24,38,Multi-cat,Kerst,,87476
13-12-2017,woensdag,4,12,486,11674.02,18676,,,,82494,34,9,60,Multi-cat,Kerst,,73185
14-12-2017,donderdag,3.3,48,342,11434.51,18759,,,,103979,44,26,160,Multi-cat,Kerst,,77180
15-12-2017,vrijdag,2.6,0,42,11046.81,18216,,,,83392,43,12,240,Multi-cat,Kerst,,82902
16-12-2017,zaterdag,2.7,192,72,8933.74,14744,,,,61957,39,12,124,Multi-cat,Kerst,,68403
17-12-2017,zondag,2.5,342,276,12378.21,20662,,,,90993,55,16,251,Multi-cat,Kerst,,55726
18-12-2017,maandag,5.9,0,132,16109.52,26196,,,,96748,117,41,303,Multi-cat,Kerst,,105861
19-12-2017,dinsdag,5.2,18,0,16558.54,26987,,,,96021,58,20,306,Multi-cat,Kerst,,109020
20-12-2017,woensdag,7.5,12,114,14611.33,27068,,,,100014,29,7,24,Multi-cat,Kerst,,95858
21-12-2017,donderdag,8.4,0,84,12423.56,22868,,,,107642,26,17,130,Multi-cat,Kerst,,90237
22-12-2017,vrijdag,8.6,0,390,9107.29,18943,,,,83587,41,18,128,Multi-cat,Kerst,,75078
23-12-2017,zaterdag,8.7,0,0,3292.29,7534,,,,48159,13,4,41,Multi-cat,Kerst,,46135
24-12-2017,zondag,8.2,0,210,3210.61,6469,,,,40032,18,2,34,Multi-cat,Kerst,,17641
25-12-2017,maandag,7.4,0,132,2101.03,4332,,,,25599,11,0,18,"Beverage, Cake",,,13876
26-12-2017,dinsdag,5.8,120,120,2135.59,5110,,,,27122,80,16,50,"Beverage, Cake",,,9188
27-12-2017,woensdag,5.1,12,564,3898.31,10067,,,,54851,78,13,73,"Beverage, Cake",,,14562
28-12-2017,donderdag,3.9,264,24,4014.68,9925,,,,45950,40,10,345,"Beverage, Cake",,,30662
29-12-2017,vrijdag,2.8,18,378,3596.39,8992,,,,44355,43,12,335,"Beverage, Cake",,,29022
30-12-2017,zaterdag,8.8,0,300,2572.04,6323,,,,39366,22,7,119,"Beverage, Cake",,,24262
31-12-2017,zondag,10.6,12,918,1548.77,5290,,,,70679,38,5,110,"Beverage, Cake",,,14132
01-01-2018,maandag,6.8,126,414,1852.32,5394,0,0,0,41641,11,0,71,Multi-cat,Beverage,,9477
02-01-2018,dinsdag,6.5,84,372,4574.02,10513,0,0,0,52965,22,2,124,Multi-cat,Beverage,,13286
03-01-2018,woensdag,8.8,12,306,4899.01,11431,0,0,0,44864,39,9,89,Multi-cat,Beverage,,26427
04-01-2018,donderdag,8.2,12,96,4425.01,10687,0,0,0,45725,15,3,96,Multi-cat,Beverage,,24426
05-01-2018,vrijdag,6.4,0,150,4056.74,9642,0,0,0,37825,53,12,75,Multi-cat,Beverage,,21436
06-01-2018,zaterdag,4.5,42,0,3030.45,6835,0,0,0,32904,17,3,43,Multi-cat,Beverage,,19475
07-01-2018,zondag,1,372,0,3230.12,8562,0,0,0,32932,13,3,75,Multi-cat,Beverage,,11506
08-01-2018,maandag,1.1,390,0,4769.08,11693,0,3541.27809523809,3541.27809523809,63086,19,4,63,Multi-cat,Cards,,18849
09-01-2018,dinsdag,3,18,0,4751.09,11292,0,3541.27809523809,3541.27809523809,46263,45,15,81,Multi-cat,Cards,,30862
10-01-2018,woensdag,6.9,0,348,4931.71,11618,0,3541.27809523809,3541.27809523809,44865,28,9,48,Multi-cat,Cards,,24923
11-01-2018,donderdag,5.7,0,0,5040.89,11705,0,3541.27809523809,3541.27809523809,40609,16,4,54,Multi-cat,Cards,,27298
12-01-2018,vrijdag,5,0,0,4254.34,10487,0,3541.27809523809,3541.27809523809,47742,41,13,47,Multi-cat,Cards,,22498
13-01-2018,zaterdag,4.2,0,0,2905.05,7437,0,3541.27809523809,3541.27809523809,29016,22,5,37,Multi-cat,Cards,,25916
14-01-2018,zondag,2.9,300,0,2950.85,9355,0,3541.27809523809,3541.27809523809,32705,32,9,39,Multi-cat,Cards,,13537
15-01-2018,maandag,5.2,0,570,4716.77,12890,0,3541.27809523809,3541.27809523809,55227,52,15,77,Multi-cat,Flowers,,24226
16-01-2018,dinsdag,5.2,174,348,4449.4,11806,0,3541.27809523809,3541.27809523809,44038,17,3,47,Multi-cat,Flowers,,23914
17-01-2018,woensdag,4.6,30,186,4701.06,12488,0,3541.27809523809,3541.27809523809,40962,30,9,44,Multi-cat,Flowers,,21683
18-01-2018,donderdag,4.7,24,390,4098.98,11315,0,3541.27809523809,3541.27809523809,36387,45,22,31,Multi-cat,Flowers,,22385
19-01-2018,vrijdag,3.7,150,294,4504.68,11345,0,3541.27809523809,3541.27809523809,34948,12,8,30,Multi-cat,Flowers,,18648
20-01-2018,zaterdag,2.2,24,120,4071.76,8954,0,3541.27809523809,3541.27809523809,26399,15,6,17,Multi-cat,Flowers,,18262
21-01-2018,zondag,3,288,162,5193.68,11487,0,3541.27809523809,3541.27809523809,30589,13,4,22,Multi-cat,Flowers,,11343
22-01-2018,maandag,6.3,30,114,7159.85,15298,0,3541.27809523809,3541.27809523809,59744,32,8,34,Multi-cat,Balloons,,17775
23-01-2018,dinsdag,8.1,54,240,6643.01,15132,0,3541.27809523809,3541.27809523809,58313,34,13,27,Multi-cat,Balloons,,27022
24-01-2018,woensdag,11.7,0,246,6590.76,15160,0,3541.27809523809,3541.27809523809,54091,41,13,35,Multi-cat,Balloons,,23487
25-01-2018,donderdag,7.7,36,6,5205.63,13523,0,3541.27809523809,3541.27809523809,45996,21,5,23,Multi-cat,Balloons,,24441
26-01-2018,vrijdag,5.4,72,0,4081.86,11670,0,3541.27809523809,3541.27809523809,49980,21,7,22,Multi-cat,Balloons,,20797
27-01-2018,zaterdag,5.8,120,216,2884.66,8011,0,3541.27809523809,3541.27809523809,32645,18,0,12,Multi-cat,Balloons,,18673
28-01-2018,zondag,9.7,102,0,3825.72,11195,0,3541.27809523809,3541.27809523809,35685,29,7,189,Multi-cat,Balloons,,12179
29-01-2018,maandag,8.8,0,168,6066.6,16863,0,0,0,72640,41,9,743,Multi-cat,Flowers,,18281
30-01-2018,dinsdag,4.7,372,0,6176.46,16138,0,0,0,61638,62,20,1229,Multi-cat,Flowers,,29259
31-01-2018,woensdag,6.5,0,402,7292.24,18167,0,0,0,57010,56,24,1529,Multi-cat,Flowers,,25342
01-02-2018,donderdag,3.4,150,258,6307.51,16482,0,0,0,75713,29,17,1639,Multi-cat,Flowers,,27145
02-02-2018,vrijdag,4.4,126,270,5908.56,15246,0,0,0,56196,40,9,1617,Multi-cat,Flowers,,27611
03-02-2018,zaterdag,2,18,132,4110.86,10781,0,0,0,37982,19,2,1407,Multi-cat,Flowers,,23548
04-02-2018,zondag,1.7,216,0,4991.67,14053,0,0,0,46186,29,2,1497,Multi-cat,Flowers,,13896
05-02-2018,maandag,1,102,0,7232.29,20160,0,5631.49523809524,5631.49523809524,86296,55,9,1913,Multi-cat,Flowers,,22032
06-02-2018,dinsdag,-2.1,438,0,7423.68,20073,0,6470.22857142857,6470.22857142857,68539,44,8,1680,Multi-cat,Flowers,,31285
07-02-2018,woensdag,-2.2,510,0,8422.83,22157,0,7069.32380952381,7069.32380952381,96888,36,12,1754,Multi-cat,Flowers,,29257
08-02-2018,donderdag,1,390,0,7841.71,21436,0,5751.31428571429,5751.31428571429,112343,11,4,2010,Multi-cat,Flowers,,29341
09-02-2018,vrijdag,0.6,126,30,8080.47,21213,0,6110.77142857143,6110.77142857143,90456,15,7,2432,Multi-cat,Flowers,,31428
10-02-2018,zaterdag,2.9,222,12,7555.82,17880,0,3474.75238095238,3474.75238095238,62689,18,5,1826,Multi-cat,Flowers,,29766
11-02-2018,zondag,4.5,120,186,11061.51,26201,0,2636.01904761905,2636.01904761905,86734,33,11,2393,Multi-cat,Flowers,,20096
12-02-2018,maandag,3,348,0,21665.22,47823,0,6110.77142857143,6110.77142857143,135272,21,7,3423,Multi-cat,Flowers,,36477
13-02-2018,dinsdag,2,522,0,33077.69,59153,0,7069.32380952381,7069.32380952381,156867,41,9,3821,Multi-cat,Flowers,,63938
14-02-2018,woensdag,1.9,522,0,11905.78,26913,0,0,0,117866,37,27,1247,Multi-cat,Flowers,,74134
15-02-2018,donderdag,4.3,126,228,5294.67,15674,0,0,0,56550,27,13,960,Multi-cat,"Cake, Beverage, Chocolate",,26667
16-02-2018,vrijdag,3.2,522,0,5336.91,13653,0,0,0,46889,50,20,891,Multi-cat,"Cake, Beverage, Chocolate",,22018
17-02-2018,zaterdag,0.9,390,0,3633.02,9549,0,0,0,32155,36,5,531,Multi-cat,"Cake, Beverage, Chocolate",,18814
18-02-2018,zondag,0.7,510,0,4264.49,11209,0,0,0,36181,18,4,650,Multi-cat,"Cake, Beverage, Chocolate",,11735
19-02-2018,maandag,1.2,0,0,6486.99,15922,0,0,0,75531,2,4,819,Multi-cat,"Cake, Beverage, Chocolate",,19115
20-02-2018,dinsdag,0.8,72,0,6037.32,15326,0,0,0,52701,60,31,714,Multi-cat,"Cake, Beverage, Chocolate",,26496
21-02-2018,woensdag,0.3,552,0,5917.72,14332,0,0,0,47546,17,5,813,Multi-cat,"Cake, Beverage, Chocolate",,25779
22-02-2018,donderdag,0.2,534,0,5219.47,13098,0,0,0,45678,17,11,676,Multi-cat,"Cake, Beverage, Chocolate",,24825
23-02-2018,vrijdag,-0.5,510,0,4632.75,11947,0,0,0,40555,56,20,684,Multi-cat,"Cake, Beverage, Chocolate",,22297
24-02-2018,zaterdag,-0.4,558,0,3130.71,8022,0,0,0,28180,16,1,405,Multi-cat,"Cake, Beverage, Chocolate",,20290
25-02-2018,zondag,-2.2,582,0,3597.59,9936,0,0,0,32420,4,0,746,Multi-cat,"Cake, Beverage, Chocolate",,12628
26-02-2018,maandag,-3.3,426,0,5469.06,14338,0,0,0,58145,22,2,917,Multi-cat,Cards,,18906
27-02-2018,dinsdag,-3.6,522,0,5365.91,14270,0,0,0,59461,29,4,1418,Multi-cat,Cards,,36332
28-02-2018,woensdag,-6.6,438,0,5335.71,14116,0,0,0,64139,64,17,2116,Multi-cat,Cards,,30627
01-03-2018,donderdag,-4.7,324,0,5028.68,13054,0,0,0,50425,21,11,178,Multi-cat,Cards,,32583
02-03-2018,vrijdag,-3.7,408,96,4473.61,12094,0,0,0,54125,15,5,144,Multi-cat,Cards,,27893
03-03-2018,zaterdag,-1.7,108,0,3239.89,8630,0,0,0,36144,5,1,133,Multi-cat,Cards,,30674
04-03-2018,zondag,5,300,150,3956.13,11125,0,0,0,38142,29,6,128,Multi-cat,Cards,,18112
05-03-2018,maandag,6.6,546,0,6226.88,14377,0,0,0,45176,40,9,132,Multi-cat,Balloons,,27942
06-03-2018,dinsdag,5.6,174,0,6887.49,15354,0,0,0,71703,11,2,113,Multi-cat,Balloons,,25629
07-03-2018,woensdag,5.9,204,240,6384.41,15369,0,0,0,50394,14,6,125,Multi-cat,Balloons,,26503
08-03-2018,donderdag,4.8,120,192,6051.13,14588,0,0,0,57137,11,6,108,Multi-cat,Balloons,,26162
09-03-2018,vrijdag,6.5,348,318,4713.1,12071,0,0,0,45881,13,8,85,Multi-cat,Balloons,,24128
10-03-2018,zaterdag,11.4,108,408,3232.01,7921,0,0,0,30276,14,2,92,Multi-cat,Balloons,,19805
11-03-2018,zondag,10.2,150,60,4030.2,10470,0,0,0,34014,6,1,90,Multi-cat,Balloons,,11404
12-03-2018,maandag,10.3,156,108,6107.66,14421,0,0,0,59588,9,3,85,Multi-cat,Balloons,,19246
13-03-2018,dinsdag,5.6,0,456,6398.33,15176,0,0,0,50889,24,8,91,Multi-cat,Balloons,,31052
14-03-2018,woensdag,5.8,564,0,5908.47,14127,0,0,0,46191,28,9,81,Multi-cat,Balloons,,26537
15-03-2018,donderdag,7.3,240,186,5709.63,14038,6328.66666666667,3819.73244147157,10148.3991081382,44484,21,11,69,Multi-cat,Flowers,,24182
16-03-2018,vrijdag,3.8,0,36,5176.01,14008,6328.66666666667,3819.73244147157,10148.3991081382,60855,14,4,83,Multi-cat,Flowers,,24555
17-03-2018,zaterdag,-1.4,30,0,3995.71,10002,6328.66666666667,3819.73244147157,10148.3991081382,42303,6,1,60,Multi-cat,Flowers,,26852
18-03-2018,zondag,-1,294,0,4380.26,12723,6328.66666666667,3819.73244147157,10148.3991081382,48955,60,13,84,Multi-cat,Flowers,,15251
19-03-2018,maandag,-0.2,654,0,6489.75,15970,6328.66666666667,4040.32489249881,10368.9915591655,87635,8,0,81,Multi-cat,Flowers,,25435
20-03-2018,dinsdag,3.8,630,0,6576.94,16029,6328.66666666667,4040.32489249881,10368.9915591655,73862,16,2,67,Multi-cat,Flowers,,26881
21-03-2018,woensdag,3.6,474,0,6027.07,14752,6328.66666666667,4040.32489249881,10368.9915591655,56540,14,8,81,Multi-cat,Flowers,,25620
22-03-2018,donderdag,6.4,174,264,5703,14350,6328.66666666667,4040.32489249881,10368.9915591655,47736,35,7,54,Multi-cat,Flowers,,24229
23-03-2018,vrijdag,6.2,6,0,5392.39,13638,6328.66666666667,4040.32489249881,10368.9915591655,52769,11,11,64,Multi-cat,Flowers,,22875
24-03-2018,zaterdag,6.5,282,0,3770.03,9029,6328.66666666667,4040.32489249881,10368.9915591655,32395,11,1,57,Multi-cat,Flowers,,22624
25-03-2018,zondag,5.4,492,0,4371.92,10811,6328.66666666667,4040.32489249881,10368.9915591655,33687,27,5,63,Multi-cat,Flowers,,11644
26-03-2018,maandag,4.7,234,78,7022.06,16282,6328.66666666667,5038.79598662207,11367.4626532887,67658,15,5,76,Multi-cat,Flowers,,18764
27-03-2018,dinsdag,5.6,60,234,6930.1,16563,0,0,0,51488,33,5,67,Multi-cat,Chocolate,,32829
28-03-2018,woensdag,5.9,0,648,5443.11,15141,0,0,0,61472,30,7,90,Multi-cat,Chocolate,,26317
29-03-2018,donderdag,6.5,348,66,5091.47,13781,0,0,0,46957,31,7,84,Multi-cat,Chocolate,,28571
30-03-2018,vrijdag,9,336,294,4383.14,12313,0,0,0,43157,29,7,74,Multi-cat,Chocolate,,24274
31-03-2018,zaterdag,7.2,174,282,1562.49,5784,0,0,0,25665,19,2,70,Multi-cat,Chocolate,,20619
01-04-2018,zondag,4.8,24,96,1776.6,5714,0,0,0,23456,42,11,51,Multi-cat,Chocolate,,8188
02-04-2018,maandag,7.7,60,336,3570.87,10131,0,0,0,30986,84,36,72,Multi-cat,Chocolate,,11351
03-04-2018,dinsdag,12.7,234,108,5409.18,13963,0,0,0,59531,19,6,77,Multi-cat,"Beverage, Baby&Kids, Flowers",,20356
04-04-2018,woensdag,10.3,132,72,5454.29,13909,0,0,0,53639,48,18,67,Multi-cat,"Beverage, Baby&Kids, Flowers",,26089
05-04-2018,donderdag,5.9,294,90,5125.87,13065,0,0,0,44346,26,9,102,Multi-cat,"Beverage, Baby&Kids, Flowers",,25357
06-04-2018,vrijdag,8.8,714,0,3940.87,10564,0,0,0,37912,6,4,87,Multi-cat,"Beverage, Baby&Kids, Flowers",,23518
07-04-2018,zaterdag,13.9,600,0,2744.33,6342,0,0,0,22341,21,6,47,Multi-cat,"Beverage, Baby&Kids, Flowers",,19027
08-04-2018,zondag,15.2,576,0,3054.72,8376,0,0,0,26543,23,7,48,Multi-cat,"Beverage, Baby&Kids, Flowers",,8912
09-04-2018,maandag,12.6,138,0,5397.87,13755,0,0,0,72186,32,8,63,Multi-cat,Cards,,17002
10-04-2018,dinsdag,15.5,192,0,5120.14,13009,0,0,0,56833,8,3,60,Multi-cat,Cards,,32170
11-04-2018,woensdag,12.7,132,42,5344.77,13355,0,0,0,56385,32,9,69,Multi-cat,Cards,,26671
12-04-2018,donderdag,10.4,108,42,4790.26,12424,0,0,0,45647,34,13,63,Multi-cat,Cards,,26122
13-04-2018,vrijdag,10,108,0,4299.87,11290,0,0,0,51356,24,7,58,Multi-cat,Cards,,22863
14-04-2018,zaterdag,11.5,282,96,3055.27,7599,0,0,0,29069,34,10,52,Multi-cat,Cards,,26429
15-04-2018,zondag,12.7,96,306,3906.83,10405,0,0,0,34341,70,8,52,Multi-cat,Cards,,11587
16-04-2018,maandag,11.4,630,12,5591.87,13516,0,0,0,59807,40,17,92,Multi-cat,Flowers,,23183
17-04-2018,dinsdag,12.8,684,0,5069.21,12135,0,0,0,42939,31,5,66,Multi-cat,Flowers,,24528
18-04-2018,woensdag,16.3,768,0,5510.36,12420,0,0,0,42697,38,8,58,Multi-cat,Flowers,,20446
19-04-2018,donderdag,19.2,786,0,5634.94,12883,0,0,0,44382,20,6,49,Multi-cat,Flowers,,20521
20-04-2018,vrijdag,18.3,786,0,4146.91,9609,0,0,0,32398,36,6,45,Multi-cat,Flowers,,19315
21-04-2018,zaterdag,15.5,780,0,3125.09,6522,0,0,0,22861,42,5,30,Multi-cat,Flowers,,17157
22-04-2018,zondag,17.9,558,0,3925.11,9084,0,0,0,27548,10,4,55,Multi-cat,Flowers,,9059
23-04-2018,maandag,13.1,564,0,6824.5,15212,0,0,0,72661,18,3,76,Multi-cat,"Cards, Beverage, Cake",,15570
24-04-2018,dinsdag,12.9,30,18,6950.67,14845,0,0,0,59168,57,16,84,Multi-cat,"Cards, Beverage, Cake",,50248
25-04-2018,woensdag,11.5,312,120,7181.64,15245,0,0,0,58548,17,2,90,Multi-cat,"Cards, Beverage, Cake",,23932
26-04-2018,donderdag,10.3,564,84,5297.72,11027,0,0,0,38142,50,18,63,Multi-cat,"Cards, Beverage, Cake",,24548
27-04-2018,vrijdag,10.3,186,12,3710.17,7602,0,0,0,24798,29,5,36,Multi-cat,Flowers,,18231
28-04-2018,zaterdag,11.7,96,12,4182.96,8648,0,0,0,27067,13,4,42,Multi-cat,Flowers,,10550
29-04-2018,zondag,9.2,24,420,4974.28,11579,0,0,0,33345,14,5,70,Multi-cat,Flowers,,11740
30-04-2018,maandag,9.5,54,786,7201.53,16110,0,0,0,58016,14,3,85,Multi-cat,Flowers,,18148
01-05-2018,dinsdag,7.9,486,498,7280.27,15160,0,0,0,55188,25,3,78,Multi-cat,Flowers,,29044
02-05-2018,woensdag,10.9,672,84,6797.9,14416,0,0,0,51068,24,6,62,Multi-cat,Flowers,,23671
03-05-2018,donderdag,10.4,828,0,6016.82,12927,8766.66666666667,0,8766.66666666667,58899,31,12,45,Multi-cat,Flowers,,22669
04-05-2018,vrijdag,11.9,828,0,4989.98,11358,8766.66666666667,0,8766.66666666667,43889,29,8,43,Multi-cat,Flowers,,22683
05-05-2018,zaterdag,14.7,840,0,3780.41,7898,8766.66666666667,0,8766.66666666667,29143,23,8,26,Multi-cat,Flowers,,17657
06-05-2018,zondag,17.2,840,0,4347.02,10136,8766.66666666667,4798.03370786517,13564.7003745318,31480,17,4,36,Multi-cat,Flowers,,9440
07-05-2018,maandag,18,852,0,8902.82,17686,8766.66666666667,8437.92134831461,17204.5880149813,92223,25,8,41,Multi-cat,Flowers,,15355
08-05-2018,dinsdag,19.1,852,0,10103.25,19839,8766.66666666667,9926.96629213483,18693.6329588015,79726,63,9,24,Multi-cat,Flowers,,29551
09-05-2018,woensdag,17.9,798,0,12459.12,21659,8766.66666666667,11581.4606741573,20348.127340824,90653,19,4,66,Multi-cat,Flowers,,29280
10-05-2018,donderdag,12.1,354,144,16682.35,25691,8766.66666666667,12574.1573033708,21340.8239700375,101134,30,10,52,Multi-cat,Flowers,,30359
11-05-2018,vrijdag,12.3,756,0,21136.33,32838,8766.66666666667,11581.4606741573,20348.127340824,103540,12,10,46,Multi-cat,Flowers,,34971
12-05-2018,zaterdag,17,408,0,24469.39,33205,0,0,0,96024,17,7,41,Multi-cat,Flowers,,43348
13-05-2018,zondag,13.1,0,276,11023.34,17757,0,0,0,67983,28,6,29,Multi-cat,Flowers,,35522
14-05-2018,maandag,18.7,612,0,6823.99,14219,0,0,0,48709,15,2,40,Multi-cat,Chocolate,,22147
15-05-2018,dinsdag,19.2,858,0,6242.89,13439,0,0,0,44690,27,11,46,Multi-cat,Chocolate,,23526
16-05-2018,woensdag,15.3,282,18,6924.66,14684,0,0,0,56003,37,17,47,Multi-cat,Chocolate,,22087
17-05-2018,donderdag,11.4,702,0,6516.4,13647,0,0,0,43656,27,6,17,Multi-cat,Chocolate,,26106
18-05-2018,vrijdag,10.9,288,0,5664.97,11932,0,0,0,38483,27,6,18,Multi-cat,Chocolate,,20851
20-05-2018,zondag,15.4,762,0,2057.17,6005,0,0,0,19757,5,2,5,Multi-cat,Chocolate,,18467
21-05-2018,maandag,19.2,690,0,2560.08,8370,0,0,0,26353,19,7,20,Multi-cat,Cards,,8251
22-05-2018,dinsdag,18.3,210,36,5673.97,13703,0,0,0,56865,30,7,113,Multi-cat,Cards,,9538
23-05-2018,woensdag,18.8,174,66,6927.47,14567,0,0,0,48191,2,1,148,Multi-cat,Cards,,16868
24-05-2018,donderdag,18.3,186,42,6773.11,14253,0,0,0,58452,10,4,150,Multi-cat,Cards,,28951
25-05-2018,vrijdag,20.6,630,0,5603.1,11813,0,0,0,51221,11,6,219,Multi-cat,Cards,,26880
26-05-2018,zaterdag,23,714,0,3573.23,7447,0,0,0,28493,8,1,142,Multi-cat,Cards,,23398
27-05-2018,zondag,20.3,186,114,4495.71,10083,0,0,0,31982,21,5,134,Multi-cat,Cards,,24354
28-05-2018,maandag,22.5,696,18,7521.26,14314,0,0,0,71207,,,157,Multi-cat,,,12074
29-05-2018,dinsdag,22.1,480,192,7364.73,14110,0,0,0,64164,38,15,212,,,,19868
30-05-2018,woensdag,21.5,516,12,7827.26,14662,0,0,0,57311,23,8,203,,,,25496
31-05-2018,donderdag,20.2,462,54,7134.92,14712,0,0,0,68261,16,2,229,,,,25324
01-06-2018,vrijdag,17.6,72,90,6907.08,13910,0,292.614666666667,292.614666666667,59145,24,6,189,,,,24000
02-06-2018,zaterdag,17,6,90,5057.28,10104,0,292.614666666667,292.614666666667,34955,26,1,174,,,,23976
03-06-2018,zondag,19.3,276,0,5417.1,11064,0,292.614666666667,292.614666666667,33745,11,1,98,,,,21046
04-06-2018,maandag,18.2,294,0,8695.58,16752,0,292.614666666667,292.614666666667,72656,20,0,48,Multi-cat,Mannen Producten,,12718
05-06-2018,dinsdag,16.7,474,0,8230.84,15768,0,292.614666666667,292.614666666667,51247,17,2,58,Multi-cat,Mannen Producten,,18700
06-06-2018,woensdag,19.8,852,0,7404.89,14712,0,292.614666666667,292.614666666667,44866,35,7,80,Multi-cat,Mannen Producten,,42855
07-06-2018,donderdag,22.4,876,0,6974.67,14466,0,7580.95355828221,7580.95355828221,61026,13,5,50,Multi-cat,Mannen Producten,,23276
08-06-2018,vrijdag,18.5,0,216,6735.04,13851,0,6366.22963190184,6366.22963190184,45155,31,7,58,Multi-cat,Mannen Producten,,22682
09-06-2018,zaterdag,19.8,522,0,3185.64,7057,0,5151.50570552147,5151.50570552147,20975,50,7,64,Multi-cat,Mannen Producten,,26050
10-06-2018,zondag,18.2,588,0,4779.91,11274,0,5353.95969325153,5353.95969325153,35224,8,4,153,Multi-cat,Mannen Producten,,19711
11-06-2018,maandag,16.9,768,0,3037.25,6041,0,8188.31552147239,8188.31552147239,34273,23,5,59,Multi-cat,"Cards, Beverage, Balloons, Flowers",,8957
12-06-2018,dinsdag,14.8,36,0,1145.23,1025,0,3531.87380368098,3531.87380368098,592,0,0,0,Multi-cat,"Cards, Beverage, Balloons, Flowers",,19246
13-06-2018,woensdag,14.7,330,0,7979.13,14943,0,7783.40754601227,7783.40754601227,107193,20,8,371,Multi-cat,"Cards, Beverage, Balloons, Flowers",,7692
14-06-2018,donderdag,15.7,192,72,11124.15,25082,0,13654.5731901841,13654.5731901841,133929,24,6,527,Multi-cat,"Cards, Beverage, Balloons, Flowers",,24
15-06-2018,vrijdag,18.8,498,0,11639.7,19314,0,11022.6713496933,11022.6713496933,89384,17,5,389,Multi-cat,"Cards, Beverage, Balloons, Flowers",,44908
16-06-2018,zaterdag,17.5,192,0,11934.74,20704,0,9605.49343558282,9605.49343558282,71216,14,4,204,Multi-cat,"Cards, Beverage, Balloons, Flowers",,38352
17-06-2018,zondag,15.6,24,0,7915.23,15965,0,292.614666666667,292.614666666667,53867,19,2,72,Multi-cat,"Cards, Beverage, Balloons, Flowers",,37025
18-06-2018,maandag,16.7,126,0,10217.17,17630,0,292.614666666667,292.614666666667,51752,29,8,52,Multi-cat,Cards,,22944
19-06-2018,dinsdag,17.7,6,0,8887.29,16666,0,292.614666666667,292.614666666667,63023,46,23,43,Multi-cat,Cards,,19832
20-06-2018,woensdag,19.1,456,0,8783.75,15982,0,292.614666666667,292.614666666667,49042,15,2,28,Multi-cat,Cards,,26684
21-06-2018,donderdag,14.4,486,0,9367.23,16212,0,292.614666666667,292.614666666667,47308,16,3,30,Multi-cat,Cards,,28051
22-06-2018,vrijdag,13.3,90,0,8464.68,15891,0,292.614666666667,292.614666666667,54357,11,0,39,Multi-cat,Cards,,26253
23-06-2018,zaterdag,15.1,294,0,5545.78,10100,0,292.614666666667,292.614666666667,31304,5,0,30,Multi-cat,Cards,,25237
24-06-2018,zondag,14.7,42,0,6318.41,12489,0,292.614666666667,292.614666666667,36526,23,3,31,Multi-cat,Cards,,27291
25-06-2018,maandag,16.5,576,0,9496.04,17193,0,6739.53307692308,6739.53307692308,69919,50,12,35,Multi-cat,Flowers,,12714
26-06-2018,dinsdag,16,750,0,9169.52,16216,0,6549.91769230769,6549.91769230769,80087,24,2,28,Multi-cat,Flowers,,22680
27-06-2018,woensdag,17.9,750,0,9148.96,16037,0,5222.61,5222.61,67213,27,7,23,Multi-cat,Flowers,,29392
28-06-2018,donderdag,21.2,870,0,7848.15,14217,0,5601.84076923077,5601.84076923077,52551,11,2,25,Multi-cat,Flowers,,25267
29-06-2018,vrijdag,19.5,918,0,7478.39,13378,0,6170.68692307692,6170.68692307692,57547,10,2,24,Multi-cat,Flowers,,25606
30-06-2018,zaterdag,21.3,864,0,4268.68,8528,0,5791.45615384615,5791.45615384615,32932,15,3,18,Multi-cat,Flowers,,21771
01-07-2018,zondag,21.3,918,0,4993.42,10180,0,5402.79538461539,5402.79538461539,32558,12,2,30,Multi-cat,Flowers,,22438
02-07-2018,maandag,20.6,918,0,8405.89,16421,0,283.175483870968,283.175483870968,58540,6,0,27,Multi-cat,,,10342
03-07-2018,dinsdag,19.6,918,0,5669.31,10107,0,283.175483870968,283.175483870968,46398,16,5,18,Multi-cat,,,16939
04-07-2018,woensdag,19.2,714,0,7865.8,15009,0,283.175483870968,283.175483870968,48919,13,3,21,Multi-cat,,,27892
05-07-2018,donderdag,18.9,804,0,7939.74,15303,0,283.175483870968,283.175483870968,44842,7,4,25,Multi-cat,,,24753
06-07-2018,vrijdag,19.5,384,0,6881.73,13364,0,283.175483870968,283.175483870968,40263,13,9,18,Multi-cat,,,25639
07-07-2018,zaterdag,18.3,714,0,4740.33,9088,0,283.175483870968,283.175483870968,27773,11,3,9,Multi-cat,,,24463
08-07-2018,zondag,18.6,888,0,5048.7,10514,0,283.175483870968,283.175483870968,29146,1,0,19,Multi-cat,,,20646
09-07-2018,maandag,17.5,132,0,8306.91,15759,0,283.175483870968,283.175483870968,52066,34,5,13,Cards,,,11338
10-07-2018,dinsdag,16.1,252,24,8784.38,15936,0,283.175483870968,283.175483870968,55089,11,5,31,Cards,,,18288
11-07-2018,woensdag,17.8,474,0,7392.09,14107,0,283.175483870968,283.175483870968,46546,63,19,21,Cards,,,29746
12-07-2018,donderdag,19,684,0,6556.4,12667,0,283.175483870968,283.175483870968,45833,6,2,18,Cards,,,28419
13-07-2018,vrijdag,18.5,666,0,6257.62,11574,0,283.175483870968,283.175483870968,36718,16,2,13,Cards,,,27761
14-07-2018,zaterdag,18.8,888,0,3992.91,7535,0,283.175483870968,283.175483870968,24975,8,5,7,Cards,,,24088
15-07-2018,zondag,20.8,840,0,4122.15,8321,0,283.175483870968,283.175483870968,25630,13,3,13,Cards,,,21065
16-07-2018,maandag,22.6,822,0,6423.77,12602,0,283.175483870968,283.175483870968,38443,15,7,23,Multi-cat,"Flowers, Beverage, Balloons, Beauty",,10748
17-07-2018,dinsdag,20,762,0,6675.17,12716,0,283.175483870968,283.175483870968,50344,21,1,22,Multi-cat,"Flowers, Beverage, Balloons, Beauty",,15791
18-07-2018,woensdag,19.1,588,0,6574.59,12443,0,283.175483870968,283.175483870968,39814,9,3,26,Multi-cat,"Flowers, Beverage, Balloons, Beauty",,24474
19-07-2018,donderdag,19.6,588,0,6311.21,12064,0,283.175483870968,283.175483870968,39292,13,5,15,Multi-cat,"Flowers, Beverage, Balloons, Beauty",,23605
20-07-2018,vrijdag,19.1,744,0,5918.24,11289,0,283.175483870968,283.175483870968,46199,12,3,14,Multi-cat,"Flowers, Beverage, Balloons, Beauty",,20493
21-07-2018,zaterdag,21.1,846,0,3527.27,7244,0,283.175483870968,283.175483870968,24484,6,1,9,Multi-cat,"Flowers, Beverage, Balloons, Beauty",,19871
22-07-2018,zondag,20.6,648,0,4119.49,8428,0,283.175483870968,283.175483870968,25182,34,4,15,Multi-cat,"Flowers, Beverage, Balloons, Beauty",,25962
23-07-2018,maandag,22.5,882,0,6126.19,11902,0,283.175483870968,283.175483870968,49722,6,2,20,Beverage,,,9705
24-07-2018,dinsdag,24.6,606,0,5415.27,10839,0,283.175483870968,283.175483870968,49680,20,3,10,Beverage,,,14951
25-07-2018,woensdag,24.4,456,0,5536.86,10904,0,283.175483870968,283.175483870968,53734,9,5,32,Beverage,,,22837
26-07-2018,donderdag,27.7,708,0,5526.34,10287,0,283.175483870968,283.175483870968,51353,9,2,23,Beverage,,,21468
27-07-2018,vrijdag,29.7,792,0,4485.3,9495,0,283.175483870968,283.175483870968,47672,15,2,14,Beverage,,,20787
28-07-2018,zaterdag,20.3,426,120,3642.88,7576,0,283.175483870968,283.175483870968,31329,7,1,22,Beverage,,,19778
29-07-2018,zondag,21.3,264,0,4315.11,9137,0,283.175483870968,283.175483870968,31912,23,1,312,Beverage,,,19085
30-07-2018,maandag,24,558,0,6286.52,13606,0,283.175483870968,283.175483870968,51897,5,1,373,Cards,,,11562
31-07-2018,dinsdag,20.6,552,0,6147.7,12970,0,283.175483870968,283.175483870968,45878,12,3,294,Cards,,,16495
01-08-2018,woensdag,20.4,618,0,5967.02,12466,0,283.175483870968,283.175483870968,43235,42,7,390,Cards,,,27948
02-08-2018,donderdag,22.6,798,0,5768.39,11652,0,283.175483870968,283.175483870968,38371,54,28,188,Cards,,,23717
03-08-2018,vrijdag,23.9,798,0,5103.05,10373,0,283.175483870968,283.175483870968,43690,3,1,193,Cards,,,22565
04-08-2018,zaterdag,22.4,588,0,3627.32,7288,0,283.175483870968,283.175483870968,26962,17,4,107,Cards,,,20153
05-08-2018,zondag,20.5,744,0,4063.56,8372,0,283.175483870968,283.175483870968,27665,17,4,114,Cards,,,22785
06-08-2018,maandag,23.1,840,0,6171.85,12086,0,283.175483870968,283.175483870968,45269,36,9,174,Flowers,,,12200
07-08-2018,dinsdag,25.9,654,48,5697.43,11592,0,283.175483870968,283.175483870968,45240,14,4,124,Flowers,,,17974
08-08-2018,woensdag,19.6,252,114,5820.72,11967,0,283.175483870968,283.175483870968,53543,6,4,168,Flowers,,,21469
09-08-2018,donderdag,17.2,186,270,5657.72,12040,0,283.175483870968,283.175483870968,41671,7,2,136,Flowers,,,21056
10-08-2018,vrijdag,16.5,474,300,5044.89,11186,0,283.175483870968,283.175483870968,44330,7,3,127,Flowers,,,20404
11-08-2018,zaterdag,15.6,654,36,3902.32,8004,0,283.175483870968,283.175483870968,29935,7,2,74,Flowers,,,20240
12-08-2018,zondag,19.8,174,0,4194.47,9233,0,283.175483870968,283.175483870968,29417,5,1,63,Flowers,,,20141
13-08-2018,maandag,18.7,156,150,6567.92,13804,0,283.175483870968,283.175483870968,46613,23,3,111,Multi-cat,Personalized,,10311
14-08-2018,dinsdag,18.8,372,36,6193.53,12893,0,283.175483870968,283.175483870968,49097,11,6,113,Multi-cat,Personalized,,15533
15-08-2018,woensdag,19.7,90,0,5380.61,12563,0,283.175483870968,283.175483870968,41907,60,10,112,Multi-cat,Personalized,,25876
16-08-2018,donderdag,18.4,474,48,4980.57,11975,0,283.175483870968,283.175483870968,41561,37,10,101,Multi-cat,Personalized,,23252
17-08-2018,vrijdag,17.4,534,162,4509.11,10854,0,283.175483870968,283.175483870968,37323,8,4,52,Multi-cat,Personalized,,20604
18-08-2018,zaterdag,17.8,288,0,3435.89,7942,0,283.175483870968,283.175483870968,28608,15,5,23,Multi-cat,Personalized,,21872
19-08-2018,zondag,19.4,12,0,4017.59,9375,0,283.175483870968,283.175483870968,29148,5,1,49,Multi-cat,Personalized,,18191
20-08-2018,maandag,19.6,216,0,6198.94,13390,0,283.175483870968,283.175483870968,44932,4,2,60,Cards,,,10414
21-08-2018,dinsdag,20,348,0,6416.4,13779,0,283.175483870968,283.175483870968,62755,5,4,54,Cards,,,16887
22-08-2018,woensdag,19.5,612,0,6522.48,13311,0,283.175483870968,283.175483870968,48674,10,10,54,Cards,,,28511
23-08-2018,donderdag,18.3,42,54,6581.44,13768,0,283.175483870968,283.175483870968,47885,8,5,39,Cards,,,30531
24-08-2018,vrijdag,15.5,504,132,6208.97,13198,0,283.175483870968,283.175483870968,53975,26,4,52,Cards,,,25547
25-08-2018,zaterdag,12.7,402,432,4148.61,9075,0,283.175483870968,283.175483870968,34766,6,1,32,Cards,,,26171
26-08-2018,zondag,14.5,366,132,4209.2,10248,0,283.175483870968,283.175483870968,33492,15,3,41,Cards,,,29709
27-08-2018,maandag,17.1,54,54,6413.04,14143,0,4617.81107142857,4617.81107142857,60125,14,6,52,Flowers,,,15579
28-08-2018,dinsdag,16.7,258,0,7165.22,15366,0,4617.81107142857,4617.81107142857,74525,51,7,56,Flowers,,,23095
29-08-2018,woensdag,14.7,120,222,7755.35,15816,0,4617.81107142857,4617.81107142857,53469,31,2,42,Flowers,,,25599
30-08-2018,donderdag,15,564,0,7384.46,14500,0,4617.81107142857,4617.81107142857,72269,22,4,46,Flowers,,,26746
31-08-2018,vrijdag,12.4,126,0,7694.21,13305,0,4617.81107142857,4617.81107142857,50301,17,9,38,Flowers,,,25931
01-09-2018,zaterdag,13.5,624,0,4410.38,8693,0,4627.24107142857,4627.24107142857,32220,32,7,14,Flowers,,,25149
02-09-2018,zondag,15.9,606,0,5061.48,10423,0,4627.24107142857,4627.24107142857,33112,13,3,19,Flowers,,,22115
03-09-2018,maandag,18.6,96,0,8789.1,15333,0,4627.24107142857,4627.24107142857,59994,25,6,30,Flowers,,,12602
04-09-2018,dinsdag,20.6,216,0,7789.68,14419,0,9278.26857142857,9278.26857142857,50275,4,1,31,Balloons,,,17294
05-09-2018,woensdag,19,198,102,7702.36,15318,0,9278.26857142857,9278.26857142857,49221,63646,8,32,Balloons,,,27689
06-09-2018,donderdag,16.6,60,216,7825.66,15727,0,9278.26857142857,9278.26857142857,61180,72539,3,25,Balloons,,,24466
07-09-2018,vrijdag,14.6,510,216,6447.34,13566,0,9278.26857142857,9278.26857142857,45063,7,1,25,Balloons,,,26348
08-09-2018,zaterdag,14.8,240,0,4143.38,9147,0,9278.26857142857,9278.26857142857,31468,27,4,11,Balloons,,,25620
09-09-2018,zondag,18.3,330,0,5285.59,11327,0,9278.26857142857,9278.26857142857,34674,15,7,23,Balloons,,,21508
10-09-2018,maandag,17.4,54,0,7817.71,15417,0,292.614666666667,292.614666666667,45746,5,1,60,Multi-cat,"Cake, Chocolate",,10800
11-09-2018,dinsdag,18.8,120,0,7833.87,15052,0,292.614666666667,292.614666666667,45771,11,4,66,Multi-cat,"Cake, Chocolate",,17703
12-09-2018,woensdag,15.3,12,54,7619.47,15159,0,292.614666666667,292.614666666667,45068,18,9,45,Multi-cat,"Cake, Chocolate",,24582
13-09-2018,donderdag,13,696,0,7573.34,14777,0,292.614666666667,292.614666666667,55818,10,6,42,Multi-cat,"Cake, Chocolate",,24965
14-09-2018,vrijdag,13.5,456,0,6435.5,13214,0,292.614666666667,292.614666666667,41576,9,0,34,Multi-cat,"Cake, Chocolate",,24422
15-09-2018,zaterdag,14.7,366,24,4113.44,9004,0,292.614666666667,292.614666666667,30855,12,3,24,Multi-cat,"Cake, Chocolate",,24788
16-09-2018,zondag,14.6,306,0,4525.71,10962,0,292.614666666667,292.614666666667,31696,3,0,32,Multi-cat,"Cake, Chocolate",,19195
17-09-2018,maandag,15.3,624,0,7841.53,15714,0,292.614666666667,292.614666666667,51705,7,40,47,Cards,,,9772
18-09-2018,dinsdag,18.9,684,0,7469.55,15215,0,292.614666666667,292.614666666667,53875,10,29,34,Cards,,,17480
19-09-2018,woensdag,19.1,492,0,7797.01,15755,0,292.614666666667,292.614666666667,46781,74,15,37,Cards,,,26327
20-09-2018,donderdag,19.7,444,0,7171.94,14959,0,292.614666666667,292.614666666667,44895,33,17,37,Cards,,,26738
21-09-2018,vrijdag,15.4,306,174,6749.5,14078,0,292.614666666667,292.614666666667,47739,13,3,42,Cards,,,24026
22-09-2018,zaterdag,12.1,96,432,3963.2,9075,0,292.614666666667,292.614666666667,31219,26,4,17,Cards,,,22322
23-09-2018,zondag,9.5,24,540,4924.67,11694,0,292.614666666667,292.614666666667,39186,19,4,41,Cards,,,24712
24-09-2018,maandag,9.9,546,18,6336.55,14955,0,292.614666666667,292.614666666667,69462,107,29,46,Multi-cat,"Balloons, Flowers, Mugs, Chocolate",,13795
25-09-2018,dinsdag,9.4,612,0,6159,14544,0,292.614666666667,292.614666666667,64999,13,3,42,Multi-cat,"Balloons, Flowers, Mugs, Chocolate",,24721
26-09-2018,woensdag,11.9,558,0,6504.33,14852,0,292.614666666667,292.614666666667,58751,7,0,54,Multi-cat,"Balloons, Flowers, Mugs, Chocolate",,25750
27-09-2018,donderdag,13.2,648,0,5874.64,13910,0,292.614666666667,292.614666666667,46953,17,26,37,Multi-cat,"Balloons, Flowers, Mugs, Chocolate",,24877
28-09-2018,vrijdag,11.4,438,0,4561.61,10418,0,292.614666666667,292.614666666667,42644,14,5,37,Multi-cat,"Balloons, Flowers, Mugs, Chocolate",,26047
29-09-2018,zaterdag,7.5,618,0,3239.82,7527,0,292.614666666667,292.614666666667,664,11,2,15,Multi-cat,"Balloons, Flowers, Mugs, Chocolate",,23005
30-09-2018,zondag,9.9,498,0,4193.96,10040,0,292.614666666667,292.614666666667,33476,17,4,40,Multi-cat,"Balloons, Flowers, Mugs, Chocolate",,19938
01-10-2018,maandag,9.5,444,186,7001.67,15548,0,5168.18389105058,5168.18389105058,49394,4,3,57,Multi-cat,"Flowers, Chocolate, Mugs, Beverage",,10156
02-10-2018,dinsdag,11.7,204,288,6688.04,14786,0,5168.18389105058,5168.18389105058,53613,17,2,137,Multi-cat,"Flowers, Chocolate, Mugs, Beverage",,16623
03-10-2018,woensdag,12.6,432,0,5911.76,14367,0,5168.18389105058,5168.18389105058,54038,6,0,1108,Multi-cat,"Flowers, Chocolate, Mugs, Beverage",,24819
04-10-2018,donderdag,14.7,48,0,5294.27,13280,0,5168.18389105058,5168.18389105058,51677,25,10,1305,Multi-cat,"Flowers, Chocolate, Mugs, Beverage",,26126
05-10-2018,vrijdag,12.8,618,0,4476.67,11486,0,5168.18389105058,5168.18389105058,42245,10,1,1018,Multi-cat,"Flowers, Chocolate, Mugs, Beverage",,25283
06-10-2018,zaterdag,13.9,540,0,2700.07,7420,0,5168.18389105058,5168.18389105058,28556,15,5,433,Multi-cat,"Flowers, Chocolate, Mugs, Beverage",,23097
07-10-2018,zondag,10.1,504,0,3915.47,10147,0,5168.18389105058,5168.18389105058,33335,3,1,633,Multi-cat,"Flowers, Chocolate, Mugs, Beverage",,19221
08-10-2018,maandag,9.5,462,0,5982.89,14643,0,7393.57455252918,7393.57455252918,48357,8,3,772,Cards,,,9786
09-10-2018,dinsdag,10.9,516,0,5458.37,14730,0,7393.57455252918,7393.57455252918,68552,19,5,702,Cards,,,17220
10-10-2018,woensdag,15.1,600,0,5378.38,13809,0,7393.57455252918,7393.57455252918,59461,31,19,913,Cards,,,25058
11-10-2018,donderdag,17.6,366,0,5068.76,13386,0,7393.57455252918,7393.57455252918,51494,10,6,630,Cards,,,31064
12-10-2018,vrijdag,18.7,540,30,4655.9,11963,0,7393.57455252918,7393.57455252918,49755,6,1,587,Cards,,,25063
13-10-2018,zaterdag,20,570,0,3145.61,7633,0,283.175483870968,283.175483870968,28881,211,55,265,Cards,,,21760
14-10-2018,zondag,17.4,486,0,3709.79,9485,0,283.175483870968,283.175483870968,32194,1,1,438,Cards,,,25240
15-10-2018,maandag,16.1,366,0,5769.65,13757,0,283.175483870968,283.175483870968,52237,4,7,528,Balloons,,,11266
16-10-2018,dinsdag,15.3,444,0,5498.12,13332,0,283.175483870968,283.175483870968,64439,10,7,462,Balloons,,,18035
17-10-2018,woensdag,13.2,324,0,5704.56,13500,0,283.175483870968,283.175483870968,49706,14,6,423,Balloons,,,23494
18-10-2018,donderdag,12.2,450,0,5908.2,13072,0,283.175483870968,283.175483870968,54398,21,9,359,Balloons,,,23543
19-10-2018,vrijdag,9.2,522,0,5092.76,11512,0,283.175483870968,283.175483870968,42965,14,5,320,Balloons,,,21849
20-10-2018,zaterdag,8.6,228,0,3664.89,8286,0,283.175483870968,283.175483870968,30278,12,0,184,Balloons,,,21490
21-10-2018,zondag,12.2,204,0,4312.87,9735,0,283.175483870968,283.175483870968,33407,18,3,302,Balloons,,,18495
22-10-2018,maandag,10.8,402,12,5837.03,13416,0,283.175483870968,283.175483870968,46258,9,4,347,Multi-cat,"Flowers, Chocolate, Baby&Kids, Beauty, Beverage",,10490
23-10-2018,dinsdag,12.8,6,0,5506.57,13431,0,283.175483870968,283.175483870968,48981,20,5,346,Multi-cat,"Flowers, Chocolate, Baby&Kids, Beauty, Beverage",,16257
24-10-2018,woensdag,14,180,60,5436.12,13460,0,283.175483870968,283.175483870968,47670,36,26,322,Multi-cat,"Flowers, Chocolate, Baby&Kids, Beauty, Beverage",,23236
25-10-2018,donderdag,12.1,6,30,5675.03,13804,0,283.175483870968,283.175483870968,46587,21,5,335,Multi-cat,"Flowers, Chocolate, Baby&Kids, Beauty, Beverage",,23299
26-10-2018,vrijdag,9.5,0,366,5508.96,12901,0,283.175483870968,283.175483870968,42460,12,4,316,Multi-cat,"Flowers, Chocolate, Baby&Kids, Beauty, Beverage",,22823
27-10-2018,zaterdag,7.1,426,156,3515.75,8584,0,283.175483870968,283.175483870968,30460,13,2,209,Multi-cat,"Flowers, Chocolate, Baby&Kids, Beauty, Beverage",,21817
28-10-2018,zondag,4,510,0,4344.19,11069,0,283.175483870968,283.175483870968,34743,47,10,271,Multi-cat,"Flowers, Chocolate, Baby&Kids, Beauty, Beverage",,20949
29-10-2018,maandag,4.4,0,0,6901.65,15566,0,5665.71696498055,5665.71696498055,49909,8,2,394,Multi-cat,All,,10914
30-10-2018,dinsdag,5.7,0,708,7152.93,16238,0,5665.71696498055,5665.71696498055,66746,48,12,395,Multi-cat,All,,18338
31-10-2018,woensdag,8.5,378,72,6502.07,15699,0,5665.71696498055,5665.71696498055,58545,25,7,442,Multi-cat,All,,24867
01-11-2018,donderdag,10.4,54,384,6463.42,15237,0,5675.14696498055,5675.14696498055,49646,31,14,165,Multi-cat,All,,27960
02-11-2018,vrijdag,7.8,426,168,5543.9,13126,0,5675.14696498055,5675.14696498055,48377,21,11,119,Multi-cat,All,,22852
03-11-2018,zaterdag,4.3,390,0,3456.67,8835,0,5675.14696498055,5675.14696498055,32022,4,0,79,Multi-cat,All,,24068
04-11-2018,zondag,5.9,426,0,4591.29,11633,0,5675.14696498055,5675.14696498055,36151,8,4,101,Multi-cat,All,,21462
05-11-2018,maandag,7.7,144,0,6956.61,16629,0,6187.76953307393,6187.76953307393,61740,43,12,171,Multi-cat,All,,11678
06-11-2018,dinsdag,12.4,354,0,7291.13,16364,0,6187.76953307393,6187.76953307393,64113,85,26,177,Multi-cat,All,,17569
07-11-2018,woensdag,11.1,114,90,6903.71,16064,0,6187.76953307393,6187.76953307393,71214,74,24,217,Multi-cat,All,,27960
08-11-2018,donderdag,9.2,468,0,6526.11,14799,0,6187.76953307393,6187.76953307393,53705,56,10,322,Multi-cat,All,,25473
09-11-2018,vrijdag,9,180,0,5512.34,12966,0,6187.76953307393,6187.76953307393,46138,14,4,302,Multi-cat,All,,23330
10-11-2018,zaterdag,11.6,6,330,4179.23,9622,0,6187.76953307393,6187.76953307393,33295,27,8,101,Multi-cat,All,,23521
11-11-2018,zondag,11.4,24,228,5131.1,11839,0,6187.76953307393,6187.76953307393,36490,57,11,99,Multi-cat,All,,21092
12-11-2018,maandag,10,12,444,7093.53,16594,0,292.614666666667,292.614666666667,60139,164,52,107,Cards,,,12211
13-11-2018,dinsdag,10.2,390,24,6472.44,15302,0,292.614666666667,292.614666666667,48164,31,12,77,Cards,,,17977
14-11-2018,woensdag,8,462,0,6318.1,15310,0,292.614666666667,292.614666666667,45995,100,28,89,Cards,,,29197
15-11-2018,donderdag,6.9,432,0,5604.36,13997,0,292.614666666667,292.614666666667,44714,73,16,57,Cards,,,26007
16-11-2018,vrijdag,3.4,120,0,5287.32,12879,0,292.614666666667,292.614666666667,66201,28,12,59,Cards,,,24503
17-11-2018,zaterdag,4.1,438,0,3352.86,8324,0,292.614666666667,292.614666666667,32608,70,11,49,Cards,,,23787
18-11-2018,zondag,2.9,420,0,4214.46,10715,0,292.614666666667,292.614666666667,36618,21,5,65,Cards,,,27865
19-11-2018,maandag,4.9,12,6,6102.91,14928,0,292.614666666667,292.614666666667,55852,316,66,91,Books,,,12135
20-11-2018,dinsdag,3.4,0,0,6405.36,14937,0,292.614666666667,292.614666666667,56023,63,14,96,Books,,,19116
21-11-2018,woensdag,3.4,18,30,6555.04,15386,0,292.614666666667,292.614666666667,50026,105,24,98,Books,,,30157
22-11-2018,donderdag,3.2,12,0,6329.61,14552,0,292.614666666667,292.614666666667,45053,104,22,76,Books,,,28150
23-11-2018,vrijdag,3.2,120,0,5329.8,12991,0,292.614666666667,292.614666666667,55528,75,13,77,Books,,,27616
24-11-2018,zaterdag,2.4,0,0,4163.6,10457,0,292.614666666667,292.614666666667,34616,40,7,46,Books,,,25962
25-11-2018,zondag,3.4,0,0,4920.19,11979,0,292.614666666667,292.614666666667,43599,82,10,90,Books,,,23387
26-11-2018,maandag,4.9,0,0,7055.5,15957,0,292.614666666667,292.614666666667,66158,52,15,110,Multi-cat,Chocolate,,11118
27-11-2018,dinsdag,3.3,0,0,6922.54,15529,0,292.614666666667,292.614666666667,52843,84,21,147,Multi-cat,Chocolate,,24155
28-11-2018,woensdag,6.1,0,324,7483.26,16031,0,292.614666666667,292.614666666667,53614,66,13,177,Multi-cat,Chocolate,,32499
29-11-2018,donderdag,10.2,0,672,8541.7,16327,0,292.614666666667,292.614666666667,57206,123,16,167,Multi-cat,Chocolate,,32361
30-11-2018,vrijdag,9.6,96,0,7408.8,14292,0,292.614666666667,292.614666666667,56150,33,5,327,Multi-cat,Chocolate,,34036
01-12-2018,zaterdag,7.7,66,432,5442.24,10330,0,283.175483870968,283.175483870968,37086,61,9,231,Multi-cat,Chocolate,,31891
02-12-2018,zondag,12,0,672,6343,13041,0,283.175483870968,283.175483870968,60299,131,29,224,Multi-cat,Chocolate,,28769
03-12-2018,maandag,11.4,78,198,8920.07,17433,0,283.175483870968,283.175483870968,64394,85,15,411,Chocolate,,,16466
04-12-2018,dinsdag,4.8,348,24,8629.84,17128,0,283.175483870968,283.175483870968,58846,46,9,419,Chocolate,,,38310
05-12-2018,woensdag,5.5,0,282,7872.47,15233,0,283.175483870968,283.175483870968,50387,45,10,349,Chocolate,,,49340
06-12-2018,donderdag,11.1,0,360,7639.07,15475,0,283.175483870968,283.175483870968,49802,85,26,368,Chocolate,,,41000
07-12-2018,vrijdag,10,0,720,6771.37,15188,11000,283.175483870968,11283.175483871,60501,78,23,362,Chocolate,,,37497
08-12-2018,zaterdag,9.1,0,480,5346.29,11526,11000,283.175483870968,11283.175483871,42921,40,7,1414,Chocolate,,,43773
09-12-2018,zondag,8.1,108,486,8102.16,16593,11000,283.175483870968,11283.175483871,52849,79,16,1204,Chocolate,,,43186
10-12-2018,maandag,5.5,144,216,11116.51,22073,11000,283.175483870968,11283.175483871,76433,119,32,269,Cards,,,32413
11-12-2018,dinsdag,3.9,162,12,12361.45,22936,11000,283.175483870968,11283.175483871,79267,341,177,493,Cards,,,49948
12-12-2018,woensdag,0.8,0,0,12591.63,24440,11000,283.175483870968,11283.175483871,86675,495,232,730,Cards,,,71654
13-12-2018,donderdag,0.8,390,0,12348.38,22899,11000,283.175483870968,11283.175483871,75911,479,278,677,Cards,,,74814
14-12-2018,vrijdag,0.9,384,0,12733.95,22293,11000,283.175483870968,11283.175483871,74833,338,174,787,Cards,,,89631
15-12-2018,zaterdag,0.3,0,42,9954.65,19125,11000,283.175483870968,11283.175483871,59987,151,79,500,Cards,,,82153
16-12-2018,zondag,1.4,0,240,18485.92,29247,11000,283.175483870968,11283.175483871,123843,139,20,561,Cards,,,77083
17-12-2018,maandag,5.6,0,378,20197.99,33073,11000,283.175483870968,11283.175483871,123090,9541918,2815217,686,Multi-cat,"Flowers, Cards",,55267
18-12-2018,dinsdag,6.4,120,0,18708.87,31753,11000,283.175483870968,11283.175483871,117628,119,39,551,Multi-cat,"Flowers, Cards",,125377
19-12-2018,woensdag,7.4,36,30,18466.95,32757,11000,283.175483870968,11283.175483871,118789,138710,40426,549,Multi-cat,"Flowers, Cards",,105930
20-12-2018,donderdag,7.5,0,120,18090.75,32104,11000,283.175483870968,11283.175483871,112024,57773,17885,512,Multi-cat,"Flowers, Cards",,95790
21-12-2018,vrijdag,9.7,0,672,15549.48,28074,11000,283.175483870968,11283.175483871,95502,88032,21649,392,Multi-cat,"Flowers, Cards",,93566
22-12-2018,zaterdag,9.6,30,276,3327.57,9670,0,283.175483870968,283.175483870968,55836,46826,14071,253,Multi-cat,"Flowers, Cards",,86109
23-12-2018,zondag,7.1,0,756,799.02,1746,0,283.175483870968,283.175483870968,57134,37909,13857,225,Multi-cat,"Flowers, Cards",,74707
24-12-2018,maandag,5.7,300,0,324.57,0,0,283.175483870968,283.175483870968,44268,82064,22261,149,Beverage,,,28930
25-12-2018,dinsdag,5.6,132,0,327.01,0,0,283.175483870968,283.175483870968,25945,22520,6824,82,Beverage,,,26495
26-12-2018,woensdag,4,0,0,651.06,472,0,283.175483870968,283.175483870968,26797,56020,15297,135,Beverage,,,16764
27-12-2018,donderdag,0.8,126,0,5966.09,11840,0,283.175483870968,283.175483870968,52015,93958,22825,206,Beverage,,,8231
28-12-2018,vrijdag,2.3,0,0,5750.19,12202,0,283.175483870968,283.175483870968,45776,90261,25169,173,Beverage,,,12610
29-12-2018,zaterdag,7.9,0,66,2454.67,7591,0,283.175483870968,283.175483870968,34376,153880,47245,185,Beverage,,,28191
30-12-2018,zondag,8.5,0,312,2039.98,6155,0,283.175483870968,283.175483870968,38877,49616,15421,184,Beverage,,,26358
31-12-2018,maandag,8.9,18,42,,,0,283.175483870968,283.175483870968,59360,246435,74900,145,Multi-cat,Beverage,,15650
01-01-2019,dinsdag,7.7,66,120,392.51,504,0,0,0,35921,96,22,113,Multi-cat,Beverage,,17149
02-01-2019,woensdag,5.4,54,24,6595.75,12751,0,0,0,52979,63994,19712,228,Multi-cat,Beverage,,10153
03-01-2019,donderdag,4,180,0,6214.42,12741,0,0,0,42590,114763,34968,180,Multi-cat,Beverage,,11374
04-01-2019,vrijdag,5.1,0,0,4891.02,10776,0,0,0,38714,141835,40231,203,Multi-cat,Beverage,,25750
05-01-2019,zaterdag,7,0,78,4089.51,9507,0,0,0,966,92678,27844,136,Multi-cat,Beverage,,22286
06-01-2019,zondag,6.1,42,0,4890.27,11541,0,0,0,33803,71893,23230,194,Multi-cat,Beverage,,20073
07-01-2019,maandag,6.7,0,72,6819.7,15228,0,0,0,59749,103374,28674,245,Multi-cat,Cards,,12028
08-01-2019,dinsdag,7.1,0,0,6485.89,14768,0,0,0,49670,155125,37020,240,Multi-cat,Cards,,19578
09-01-2019,woensdag,4.9,390,18,6181.74,14299,0,0,0,45534,102232,30177,258,Multi-cat,Cards,,29245
10-01-2019,donderdag,3,0,318,5637.53,13441,0,0,0,46362,137139,35608,270,Multi-cat,Cards,,25726
11-01-2019,vrijdag,6.8,0,336,5104.91,13014,0,0,0,51897,45750,12027,207,Multi-cat,Cards,,25186
12-01-2019,zaterdag,7.6,0,390,3467.94,9387,0,0,0,33734,209519,55571,192,Multi-cat,Cards,,22255
13-01-2019,zondag,8.9,0,402,4659.24,12479,0,0,0,39773,82928,23531,234,Multi-cat,Cards,,23432
14-01-2019,maandag,5.1,288,150,6185.73,15368,0,0,0,47284,91888,26818,264,Multi-cat,Chocolate,,14491
15-01-2019,dinsdag,6.4,42,0,6036.03,15342,0,0,0,57949,73493,20877,272,Multi-cat,Chocolate,,22516
16-01-2019,woensdag,6.1,0,342,5916.76,15258,0,0,0,47409,117773,35608,301,Multi-cat,Chocolate,,21721
17-01-2019,donderdag,2.9,102,390,5271.61,13722,0,0,0,43607,133072,36754,295,Multi-cat,Chocolate,,22636
18-01-2019,vrijdag,-0.4,360,24,4266.88,11761,0,0,0,39503,110368,37434,300,Multi-cat,Chocolate,,22529
19-01-2019,zaterdag,-1.4,306,0,3091.48,8560,0,0,0,30050,193088,55873,256,Multi-cat,Chocolate,,20547
20-01-2019,zondag,-2.6,438,0,3787.44,10530,0,0,0,33679,123580,33610,304,Multi-cat,Chocolate,,17275
21-01-2019,maandag,-1.9,450,0,6552.18,15349,13747.25,0,13747.25,57960,144854,42152,319,Multi-cat,Flowers,,10462
22-01-2019,dinsdag,-1.7,12,390,7067.31,16381,13747.25,0,13747.25,77750,213086,62294,302,Multi-cat,Flowers,,16421
23-01-2019,woensdag,-1,0,0,7175.24,16222,13747.25,0,13747.25,65876,205904,60000,313,Multi-cat,Flowers,,23824
24-01-2019,donderdag,-2,18,0,6982.6,16123,13747.25,0,13747.25,63335,99,42,303,Multi-cat,Flowers,,24939
25-01-2019,vrijdag,0.8,0,294,6424.54,15061,13747.25,0,13747.25,54694,414304,116160,271,Multi-cat,Flowers,,24665
26-01-2019,zaterdag,7.2,0,252,4209.26,11056,13747.25,0,13747.25,39120,134008,38170,160,Multi-cat,Flowers,,23682
27-01-2019,zondag,5.8,48,672,5432.65,14324,13747.25,0,13747.25,43719,204899,58423,435,Multi-cat,Flowers,,23652
28-01-2019,maandag,3.9,96,270,7770.34,19176,13747.25,0,13747.25,71790,185524,53155,766,Multi-cat,Balloons,,12589
29-01-2019,dinsdag,1.6,450,0,7396.55,18238,0,0,0,65198,245180,63873,1340,Multi-cat,Balloons,,19803
30-01-2019,woensdag,0.7,72,0,7217.04,19068,0,0,0,61079,291661,91600,1512,Multi-cat,Balloons,,29410
31-01-2019,donderdag,-1.1,0,0,7047.83,18440,0,0,0,66540,185289,53157,1545,Multi-cat,Balloons,,26042
01-02-2019,vrijdag,0.8,0,210,6347.75,16750,0,0,0,59053,93,33,1370,Multi-cat,Balloons,,25412
02-02-2019,zaterdag,1.6,12,342,4305.73,12481,0,0,0,45339,96713,31216,1045,Multi-cat,Balloons,,25223
03-02-2019,zondag,1.8,414,0,5602.05,14860,0,0,0,45836,144526,42814,854,Multi-cat,Balloons,,23090
04-02-2019,maandag,2.1,0,504,9535.69,24224,0,6993.3,6993.3,84588,155214,49387,1866,Multi-cat,"Cards, Flowers, Chocolate",,14744
05-02-2019,dinsdag,4,0,18,9798.66,24357,0,6993.3,6993.3,76105,213636,54594,1781,Multi-cat,"Cards, Flowers, Chocolate",,20087
06-02-2019,woensdag,5.1,0,1032,10532.86,25579,0,6993.3,6993.3,73839,204839,58238,2229,Multi-cat,"Cards, Flowers, Chocolate",,29900
07-02-2019,donderdag,7.8,300,396,11420.81,25794,0,6993.3,6993.3,113963,135131,43686,2328,Multi-cat,"Cards, Flowers, Chocolate",,29206
08-02-2019,vrijdag,8,0,360,10552.72,23696,0,6993.3,6993.3,97443,195676,53853,2268,Multi-cat,"Cards, Flowers, Chocolate",,30224
09-02-2019,zaterdag,8.7,282,0,8695.36,19938,0,6993.3,6993.3,62692,364966,97974,1803,Multi-cat,"Cards, Flowers, Chocolate",,31139
10-02-2019,zondag,6.4,12,948,14426.56,31507,0,6993.3,6993.3,103241,105738,29923,2681,Multi-cat,"Cards, Flowers, Chocolate",,27222
11-02-2019,maandag,5.1,390,54,29397.16,55643,0,6993.3,6993.3,143175,457050,107576,3693,Multi-cat,"Cards, Flowers, Chocolate",,18784
12-02-2019,dinsdag,5.3,336,0,35772.63,64502,0,6993.3,6993.3,155204,229997,71154,3988,Multi-cat,"Cards, Flowers, Chocolate",,33125
13-02-2019,woensdag,5.8,144,0,38383.81,69022,0,6993.3,6993.3,193979,13912,4695,4468,Multi-cat,"Cards, Flowers, Chocolate",,57397
14-02-2019,donderdag,4.5,522,0,4591.02,19032,0,0,0,106717,455612,127525,987,Multi-cat,"Cards, Flowers, Chocolate",,67587
15-02-2019,vrijdag,6.2,522,0,5820.18,14705,0,0,0,53979,267425,81441,709,Multi-cat,Cards,,86197
16-02-2019,zaterdag,5.8,528,0,3812.73,9758,0,0,0,34053,138257,39360,444,Multi-cat,Cards,,24926
17-02-2019,zondag,6.7,516,0,4458.68,11166,0,0,0,34927,123717,37045,643,Multi-cat,Cards,,18751
18-02-2019,maandag,7.2,534,24,6548.55,16065,0,0,0,61854,319627,74891,804,Multi-cat,Cards,,9921
19-02-2019,dinsdag,7.3,294,0,5813.44,15860,0,0,0,70283,162548,48965,827,Multi-cat,Cards,,15746
20-02-2019,woensdag,7.8,366,0,5947.34,15899,0,0,0,68740,211393,58266,746,Multi-cat,Cards,,25330
21-02-2019,donderdag,8.2,24,276,5826.81,15297,0,0,0,53013,243092,68095,715,Multi-cat,Cards,,31719
22-02-2019,vrijdag,9.1,0,0,5851.68,13978,0,0,0,46565,126755,33271,728,Multi-cat,Cards,,28836
23-02-2019,zaterdag,6.9,552,0,3688.93,9275,0,0,0,31996,279439,74552,367,Multi-cat,Cards,,26442
24-02-2019,zondag,6.1,558,0,4250.24,11272,0,0,0,34575,55464,17865,635,Multi-cat,Cards,,23440
25-02-2019,maandag,7.3,558,0,6531.78,16113,0,0,0,58701,191044,53822,803,Multi-cat,"Balloons, Cards, Books, Other ",,12162
26-02-2019,dinsdag,7.8,570,0,6341.54,15147,0,0,0,48461,961944,180263,928,Multi-cat,"Balloons, Cards, Books, Other ",,19154
27-02-2019,woensdag,9.5,582,0,6861.17,15453,0,0,0,47076,223825,59032,1145,Multi-cat,"Balloons, Cards, Books, Other ",,38170
28-02-2019,donderdag,7.7,204,180,7151.43,16838,0,0,0,60377,275592,66832,2146,Multi-cat,"Balloons, Cards, Books, Other ",,22946
01-03-2019,vrijdag,6.3,0,30,6521.8,14642,0,0,0,45468,60,18,264,Multi-cat,"Balloons, Cards, Books, Other ",,25395
02-03-2019,zaterdag,8.2,144,12,3938.12,9375,0,0,0,30745,311658,77833,95,Multi-cat,"Balloons, Cards, Books, Other ",,26005
03-03-2019,zondag,11.2,0,492,5490.92,12708,0,0,0,35791,134535,51054,168,Multi-cat,"Balloons, Cards, Books, Other ",,19954
04-03-2019,maandag,8.8,300,114,7441.13,16474,0,0,0,56884,191859,50013,177,Beauty,,,10845
05-03-2019,dinsdag,7.5,504,48,7242.39,17137,0,0,0,64076,179900,46422,199,Beauty,,,18419
06-03-2019,woensdag,10,0,204,7954.71,17980,0,0,0,52835,506607,147539,200,Beauty,,,24015
07-03-2019,donderdag,9.2,342,492,7116.94,16866,0,0,0,48883,426969,105108,231,Beauty,,,25866
08-03-2019,vrijdag,7.8,342,204,5993.03,14813,0,0,0,44628,258155,65847,221,Beauty,,,25753
09-03-2019,zaterdag,8.8,150,246,4292.26,10542,0,0,0,32944,312159,72867,153,Beauty,,,25422
10-03-2019,zondag,5.8,12,768,5456.71,13807,0,0,0,39592,391052,110617,234,Beauty,,,21158
11-03-2019,maandag,5.4,252,126,7289.49,18623,0,0,0,74136,346482,82620,286,Multi-cat,Personalized,,12045
12-03-2019,dinsdag,6.8,6,264,7261.54,17286,0,0,0,60385,977528,224368,284,Multi-cat,Personalized,,22398
13-03-2019,woensdag,7.3,108,240,6977.95,17156,0,0,0,52972,610037,148551,328,Multi-cat,Personalized,,39427
14-03-2019,donderdag,8.2,36,438,6583.59,16188,0,0,0,49366,894177,237463,244,Multi-cat,Personalized,,24551
15-03-2019,vrijdag,9.5,18,330,5558.02,14216,0,0,0,56987,375049,96224,284,Multi-cat,Personalized,,25177
16-03-2019,zaterdag,0,0,0,3976.82,10212,0,0,0,36231,474881,122236,186,Multi-cat,Personalized,,23892
17-03-2019,zondag,7.1,474,318,4662.82,12636,0,0,0,37963,583347,110507,270,Multi-cat,Personalized,,22059
18-03-2019,maandag,5.1,414,66,5642.4,14837,0,9200.4,9200.4,57061,469702,123577,229,Multi-cat,"Other, Chocolate",,13388
19-03-2019,dinsdag,4.7,366,0,7618.28,16470,0,9200.4,9200.4,93896,655988,169127,235,Multi-cat,"Other, Chocolate",,20829
20-03-2019,woensdag,9.1,0,0,8176.48,17296,0,9200.4,9200.4,70283,615609,139988,288,Multi-cat,"Other, Chocolate",,22937
21-03-2019,donderdag,8.1,12,0,7600.19,16272,0,9200.4,9200.4,54701,1306224,317512,294,Multi-cat,"Other, Chocolate",,24954
22-03-2019,vrijdag,9.5,390,12,6887.97,14452,0,9200.4,9200.4,54505,559344,130423,291,Multi-cat,"Other, Chocolate",,25658
23-03-2019,zaterdag,8.1,150,0,4909.96,10572,0,9200.4,9200.4,35233,1825253,450182,271,Multi-cat,"Other, Chocolate",,23652
24-03-2019,zondag,5.5,528,0,5755.19,12619,0,9200.4,9200.4,38868,192299,49623,381,Multi-cat,"Other, Chocolate",,21096
25-03-2019,maandag,7.7,228,60,9092.05,18811,0,9200.4,9200.4,58064,1607956,425053,409,Flowers,,,12368
26-03-2019,dinsdag,7.3,108,0,,,0,9200.4,9200.4,67576,3138499,730283,566,Flowers,,,18845
27-03-2019,woensdag,9.3,282,0,,,0,9200.4,9200.4,62341,3492459,819775,606,Flowers,,,29833
28-03-2019,donderdag,8.5,12,0,,,0,9200.4,9200.4,74731,2577746,726477,517,Flowers,,,30736
29-03-2019,vrijdag,9,660,0,,,0,9200.4,9200.4,56599,1493321,334281,492,Flowers,,,28360
30-03-2019,zaterdag,11.2,510,0,,,0,9200.4,9200.4,31609,9282886,2093694,311,Flowers,,,26347
31-03-2019,zondag,8.2,468,0,,,0,9200.4,9200.4,38055,4315581,893084,487,Flowers,,,22049
01-04-2019,maandag,7.1,720,0,,,0,9200.4,9200.4,70658,99,37,399,Flowers,,,11776
02-04-2019,dinsdag,9.3,240,192,,,0,0,0,59270,27616417,6147607,434,,,,21276
03-04-2019,woensdag,6.1,222,108,,,0,0,0,55063,75636292,16533878,367,,,,30355
04-04-2019,donderdag,,,,,,0,0,0,50463,115655418,24306304,326,,,,27641
05-04-2019,vrijdag,,,,,,0,0,0,,,,3,,,,28531
06-04-2019,zaterdag,,,,,,0,0,0,,,,,,,,220
07-04-2019,zondag,,,,,,0,0,0,,,,,,,,
08-04-2019,maandag,,,,,,0,0,0,,,,,,,,
09-04-2019,dinsdag,,,,,,0,0,0,,,,,,,,
10-04-2019,woensdag,,,,,,0,0,0,,,,,,,,
11-04-2019,donderdag,,,,,,0,0,0,,,,,,,,
12-04-2019,vrijdag,,,,,,0,0,0,,,,,,,,
13-04-2019,zaterdag,,,,,,0,0,0,,,,,,,,
14-04-2019,zondag,,,,,,0,0,0,,,,,,,,
15-04-2019,maandag,,,,,,0,0,0,,,,,,,,
16-04-2019,dinsdag,,,,,,0,0,0,,,,,,,,
17-04-2019,woensdag,,,,,,0,0,0,,,,,,,,
18-04-2019,donderdag,,,,,,0,0,0,,,,,,,,
19-04-2019,vrijdag,,,,,,0,0,0,,,,,,,,
20-04-2019,zaterdag,,,,,,0,0,0,,,,,,,,
21-04-2019,zondag,,,,,,0,0,0,,,,,,,,
22-04-2019,maandag,,,,,,0,0,0,,,,,,,,
23-04-2019,dinsdag,,,,,,0,0,0,,,,,,,,
24-04-2019,woensdag,,,,,,0,0,0,,,,,,,,
25-04-2019,donderdag,,,,,,0,0,0,,,,,,,,
26-04-2019,vrijdag,,,,,,0,0,0,,,,,,,,
27-04-2019,zaterdag,,,,,,0,0,0,,,,,,,,
28-04-2019,zondag,,,,,,0,0,0,,,,,,,,
29-04-2019,maandag,,,,,,0,0,0,,,,,,,,
30-04-2019,dinsdag,,,,,,0,0,0,,,,,,,,
01-05-2019,woensdag,,,,,,0,0,0,,,,,,,,
02-05-2019,donderdag,,,,,,0,0,0,,,,,,,,
03-05-2019,vrijdag,,,,,,0,0,0,,,,,,,,
04-05-2019,zaterdag,,,,,,0,0,0,,,,,,,,
05-05-2019,zondag,,,,,,0,0,0,,,,,,,,
06-05-2019,maandag,,,,,,0,0,0,,,,,,,,
07-05-2019,dinsdag,,,,,,0,0,0,,,,,,,,
08-05-2019,woensdag,,,,,,0,0,0,,,,,,,,
09-05-2019,donderdag,,,,,,0,0,0,,,,,,,,
10-05-2019,vrijdag,,,,,,0,0,0,,,,,,,,
11-05-2019,zaterdag,,,,,,0,0,0,,,,,,,,
12-05-2019,zondag,,,,,,0,0,0,,,,,,,,
13-05-2019,maandag,,,,,,0,0,0,,,,,,,,
14-05-2019,dinsdag,,,,,,0,0,0,,,,,,,,
15-05-2019,woensdag,,,,,,0,0,0,,,,,,,,
16-05-2019,donderdag,,,,,,0,0,0,,,,,,,,
17-05-2019,vrijdag,,,,,,0,0,0,,,,,,,,
18-05-2019,zaterdag,,,,,,0,0,0,,,,,,,,
19-05-2019,zondag,,,,,,0,0,0,,,,,,,,
20-05-2019,maandag,,,,,,0,0,0,,,,,,,,
21-05-2019,dinsdag,,,,,,0,0,0,,,,,,,,
22-05-2019,woensdag,,,,,,0,0,0,,,,,,,,
23-05-2019,donderdag,,,,,,0,0,0,,,,,,,,
24-05-2019,vrijdag,,,,,,0,0,0,,,,,,,,
25-05-2019,zaterdag,,,,,,0,0,0,,,,,,,,
26-05-2019,zondag,,,,,,0,0,0,,,,,,,,
27-05-2019,maandag,,,,,,0,0,0,,,,,,,,
28-05-2019,dinsdag,,,,,,0,0,0,,,,,,,,
29-05-2019,woensdag,,,,,,0,0,0,,,,,,,,
30-05-2019,donderdag,,,,,,0,0,0,,,,,,,,
31-05-2019,vrijdag,,,,,,0,0,0,,,,,,,,
01-06-2019,zaterdag,,,,,,0,0,0,,,,,,,,
02-06-2019,zondag,,,,,,0,0,0,,,,,,,,
03-06-2019,maandag,,,,,,0,0,0,,,,,,,,
04-06-2019,dinsdag,,,,,,0,0,0,,,,,,,,
05-06-2019,woensdag,,,,,,0,0,0,,,,,,,,
06-06-2019,donderdag,,,,,,0,0,0,,,,,,,,
07-06-2019,vrijdag,,,,,,0,0,0,,,,,,,,
08-06-2019,zaterdag,,,,,,0,0,0,,,,,,,,
10-06-2019,maandag,,,,,,0,0,0,,,,,,,,
11-06-2019,dinsdag,,,,,,0,0,0,,,,,,,,
12-06-2019,woensdag,,,,,,0,0,0,,,,,,,,
13-06-2019,donderdag,,,,,,0,0,0,,,,,,,,
14-06-2019,vrijdag,,,,,,0,0,0,,,,,,,,
15-06-2019,zaterdag,,,,,,0,0,0,,,,,,,,
16-06-2019,zondag,,,,,,0,0,0,,,,,,,,
17-06-2019,maandag,,,,,,0,0,0,,,,,,,,
18-06-2019,dinsdag,,,,,,0,0,0,,,,,,,,
19-06-2019,woensdag,,,,,,0,0,0,,,,,,,,
20-06-2019,donderdag,,,,,,0,0,0,,,,,,,,
21-06-2019,vrijdag,,,,,,0,0,0,,,,,,,,
22-06-2019,zaterdag,,,,,,0,0,0,,,,,,,,
23-06-2019,zondag,,,,,,0,0,0,,,,,,,,
24-06-2019,maandag,,,,,,0,0,0,,,,,,,,
25-06-2019,dinsdag,,,,,,0,0,0,,,,,,,,
26-06-2019,woensdag,,,,,,0,0,0,,,,,,,,
27-06-2019,donderdag,,,,,,0,0,0,,,,,,,,
28-06-2019,vrijdag,,,,,,0,0,0,,,,,,,,
29-06-2019,zaterdag,,,,,,0,0,0,,,,,,,,
30-06-2019,zondag,,,,,,0,0,0,,,,,,,,
01-07-2019,maandag,,,,,,0,0,0,,,,,,,,
02-07-2019,dinsdag,,,,,,0,0,0,,,,,,,,
03-07-2019,woensdag,,,,,,0,0,0,,,,,,,,
04-07-2019,donderdag,,,,,,0,0,0,,,,,,,,
05-07-2019,vrijdag,,,,,,0,0,0,,,,,,,,
06-07-2019,zaterdag,,,,,,0,0,0,,,,,,,,
07-07-2019,zondag,,,,,,0,0,0,,,,,,,,
08-07-2019,maandag,,,,,,0,0,0,,,,,,,,
09-07-2019,dinsdag,,,,,,0,0,0,,,,,,,,
10-07-2019,woensdag,,,,,,0,0,0,,,,,,,,
11-07-2019,donderdag,,,,,,0,0,0,,,,,,,,
12-07-2019,vrijdag,,,,,,0,0,0,,,,,,,,
13-07-2019,zaterdag,,,,,,0,0,0,,,,,,,,
14-07-2019,zondag,,,,,,0,0,0,,,,,,,,
15-07-2019,maandag,,,,,,0,0,0,,,,,,,,
16-07-2019,dinsdag,,,,,,0,0,0,,,,,,,,
17-07-2019,woensdag,,,,,,0,0,0,,,,,,,,
18-07-2019,donderdag,,,,,,0,0,0,,,,,,,,
19-07-2019,vrijdag,,,,,,0,0,0,,,,,,,,
20-07-2019,zaterdag,,,,,,0,0,0,,,,,,,,
21-07-2019,zondag,,,,,,0,0,0,,,,,,,,
22-07-2019,maandag,,,,,,0,0,0,,,,,,,,
23-07-2019,dinsdag,,,,,,0,0,0,,,,,,,,
24-07-2019,woensdag,,,,,,0,0,0,,,,,,,,
25-07-2019,donderdag,,,,,,0,0,0,,,,,,,,
26-07-2019,vrijdag,,,,,,0,0,0,,,,,,,,
27-07-2019,zaterdag,,,,,,0,0,0,,,,,,,,
28-07-2019,zondag,,,,,,0,0,0,,,,,,,,
29-07-2019,maandag,,,,,,0,0,0,,,,,,,,
30-07-2019,dinsdag,,,,,,0,0,0,,,,,,,,
31-07-2019,woensdag,,,,,,0,0,0,,,,,,,,
01-08-2019,donderdag,,,,,,0,0,0,,,,,,,,
02-08-2019,vrijdag,,,,,,0,0,0,,,,,,,,
03-08-2019,zaterdag,,,,,,0,0,0,,,,,,,,
04-08-2019,zondag,,,,,,0,0,0,,,,,,,,
05-08-2019,maandag,,,,,,0,0,0,,,,,,,,
06-08-2019,dinsdag,,,,,,0,0,0,,,,,,,,
07-08-2019,woensdag,,,,,,0,0,0,,,,,,,,
08-08-2019,donderdag,,,,,,0,0,0,,,,,,,,
09-08-2019,vrijdag,,,,,,0,0,0,,,,,,,,
10-08-2019,zaterdag,,,,,,0,0,0,,,,,,,,
11-08-2019,zondag,,,,,,0,0,0,,,,,,,,
12-08-2019,maandag,,,,,,0,0,0,,,,,,,,
13-08-2019,dinsdag,,,,,,0,0,0,,,,,,,,
14-08-2019,woensdag,,,,,,0,0,0,,,,,,,,
15-08-2019,donderdag,,,,,,0,0,0,,,,,,,,
16-08-2019,vrijdag,,,,,,0,0,0,,,,,,,,
17-08-2019,zaterdag,,,,,,0,0,0,,,,,,,,
18-08-2019,zondag,,,,,,0,0,0,,,,,,,,
19-08-2019,maandag,,,,,,0,0,0,,,,,,,,
20-08-2019,dinsdag,,,,,,0,0,0,,,,,,,,
21-08-2019,woensdag,,,,,,0,0,0,,,,,,,,
22-08-2019,donderdag,,,,,,0,0,0,,,,,,,,
23-08-2019,vrijdag,,,,,,0,0,0,,,,,,,,
24-08-2019,zaterdag,,,,,,0,0,0,,,,,,,,
25-08-2019,zondag,,,,,,0,0,0,,,,,,,,
26-08-2019,maandag,,,,,,0,0,0,,,,,,,,
27-08-2019,dinsdag,,,,,,0,0,0,,,,,,,,
28-08-2019,woensdag,,,,,,0,0,0,,,,,,,,
29-08-2019,donderdag,,,,,,0,0,0,,,,,,,,
30-08-2019,vrijdag,,,,,,0,0,0,,,,,,,,
31-08-2019,zaterdag,,,,,,0,0,0,,,,,,,,
01-09-2019,zondag,,,,,,0,0,0,,,,,,,,
02-09-2019,maandag,,,,,,0,0,0,,,,,,,,
03-09-2019,dinsdag,,,,,,0,0,0,,,,,,,,
04-09-2019,woensdag,,,,,,0,0,0,,,,,,,,
05-09-2019,donderdag,,,,,,0,0,0,,,,,,,,
06-09-2019,vrijdag,,,,,,0,0,0,,,,,,,,
07-09-2019,zaterdag,,,,,,0,0,0,,,,,,,,
08-09-2019,zondag,,,,,,0,0,0,,,,,,,,
09-09-2019,maandag,,,,,,0,0,0,,,,,,,,
10-09-2019,dinsdag,,,,,,0,0,0,,,,,,,,
11-09-2019,woensdag,,,,,,0,0,0,,,,,,,,
12-09-2019,donderdag,,,,,,0,0,0,,,,,,,,
13-09-2019,vrijdag,,,,,,0,0,0,,,,,,,,
15-09-2019,zondag,,,,,,0,0,0,,,,,,,,
16-09-2019,maandag,,,,,,0,0,0,,,,,,,,
17-09-2019,dinsdag,,,,,,0,0,0,,,,,,,,
18-09-2019,woensdag,,,,,,0,0,0,,,,,,,,
19-09-2019,donderdag,,,,,,0,0,0,,,,,,,,
20-09-2019,vrijdag,,,,,,0,0,0,,,,,,,,
21-09-2019,zaterdag,,,,,,0,0,0,,,,,,,,
22-09-2019,zondag,,,,,,0,0,0,,,,,,,,
23-09-2019,maandag,,,,,,0,0,0,,,,,,,,
24-09-2019,dinsdag,,,,,,0,0,0,,,,,,,,
25-09-2019,woensdag,,,,,,0,0,0,,,,,,,,
26-09-2019,donderdag,,,,,,0,0,0,,,,,,,,
27-09-2019,vrijdag,,,,,,0,0,0,,,,,,,,
28-09-2019,zaterdag,,,,,,0,0,0,,,,,,,,
29-09-2019,zondag,,,,,,0,0,0,,,,,,,,
30-09-2019,maandag,,,,,,0,0,0,,,,,,,,
01-10-2019,dinsdag,,,,,,0,0,0,,,,,,,,
02-10-2019,woensdag,,,,,,0,0,0,,,,,,,,
03-10-2019,donderdag,,,,,,0,0,0,,,,,,,,
04-10-2019,vrijdag,,,,,,0,0,0,,,,,,,,
05-10-2019,zaterdag,,,,,,0,0,0,,,,,,,,
06-10-2019,zondag,,,,,,0,0,0,,,,,,,,
07-10-2019,maandag,,,,,,0,0,0,,,,,,,,
08-10-2019,dinsdag,,,,,,0,0,0,,,,,,,,
09-10-2019,woensdag,,,,,,0,0,0,,,,,,,,
10-10-2019,donderdag,,,,,,0,0,0,,,,,,,,
11-10-2019,vrijdag,,,,,,0,0,0,,,,,,,,
12-10-2019,zaterdag,,,,,,0,0,0,,,,,,,,
14-10-2019,maandag,,,,,,0,0,0,,,,,,,,
15-10-2019,dinsdag,,,,,,0,0,0,,,,,,,,
16-10-2019,woensdag,,,,,,0,0,0,,,,,,,,
17-10-2019,donderdag,,,,,,0,0,0,,,,,,,,
18-10-2019,vrijdag,,,,,,0,0,0,,,,,,,,
19-10-2019,zaterdag,,,,,,0,0,0,,,,,,,,
20-10-2019,zondag,,,,,,0,0,0,,,,,,,,
21-10-2019,maandag,,,,,,0,0,0,,,,,,,,
22-10-2019,dinsdag,,,,,,0,0,0,,,,,,,,
23-10-2019,woensdag,,,,,,0,0,0,,,,,,,,
24-10-2019,donderdag,,,,,,0,0,0,,,,,,,,
25-10-2019,vrijdag,,,,,,0,0,0,,,,,,,,
26-10-2019,zaterdag,,,,,,0,0,0,,,,,,,,
27-10-2019,zondag,,,,,,0,0,0,,,,,,,,
28-10-2019,maandag,,,,,,0,0,0,,,,,,,,
29-10-2019,dinsdag,,,,,,0,0,0,,,,,,,,
30-10-2019,woensdag,,,,,,0,0,0,,,,,,,,
31-10-2019,donderdag,,,,,,0,0,0,,,,,,,,
01-11-2019,vrijdag,,,,,,0,0,0,,,,,,,,
02-11-2019,zaterdag,,,,,,0,0,0,,,,,,,,
03-11-2019,zondag,,,,,,0,0,0,,,,,,,,
04-11-2019,maandag,,,,,,0,0,0,,,,,,,,
05-11-2019,dinsdag,,,,,,0,0,0,,,,,,,,
06-11-2019,woensdag,,,,,,0,0,0,,,,,,,,
07-11-2019,donderdag,,,,,,0,0,0,,,,,,,,
08-11-2019,vrijdag,,,,,,0,0,0,,,,,,,,
09-11-2019,zaterdag,,,,,,0,0,0,,,,,,,,
10-11-2019,zondag,,,,,,0,0,0,,,,,,,,
11-11-2019,maandag,,,,,,0,0,0,,,,,,,,
12-11-2019,dinsdag,,,,,,0,0,0,,,,,,,,
13-11-2019,woensdag,,,,,,0,0,0,,,,,,,,
14-11-2019,donderdag,,,,,,0,0,0,,,,,,,,
15-11-2019,vrijdag,,,,,,0,0,0,,,,,,,,
16-11-2019,zaterdag,,,,,,0,0,0,,,,,,,,
18-11-2019,maandag,,,,,,0,0,0,,,,,,,,
19-11-2019,dinsdag,,,,,,0,0,0,,,,,,,,
20-11-2019,woensdag,,,,,,0,0,0,,,,,,,,
21-11-2019,donderdag,,,,,,0,0,0,,,,,,,,
22-11-2019,vrijdag,,,,,,0,0,0,,,,,,,,
24-11-2019,zondag,,,,,,0,0,0,,,,,,,,
25-11-2019,maandag,,,,,,0,0,0,,,,,,,,
26-11-2019,dinsdag,,,,,,0,0,0,,,,,,,,
27-11-2019,woensdag,,,,,,0,0,0,,,,,,,,
28-11-2019,donderdag,,,,,,0,0,0,,,,,,,,
29-11-2019,vrijdag,,,,,,0,0,0,,,,,,,,
30-11-2019,zaterdag,,,,,,0,0,0,,,,,,,,
01-12-2019,zondag,,,,,,0,0,0,,,,,,,,
02-12-2019,maandag,,,,,,0,0,0,,,,,,,,
03-12-2019,dinsdag,,,,,,0,0,0,,,,,,,,
04-12-2019,woensdag,,,,,,0,0,0,,,,,,,,
05-12-2019,donderdag,,,,,,0,0,0,,,,,,,,
06-12-2019,vrijdag,,,,,,0,0,0,,,,,,,,
07-12-2019,zaterdag,,,,,,0,0,0,,,,,,,,
08-12-2019,zondag,,,,,,0,0,0,,,,,,,,
09-12-2019,maandag,,,,,,0,0,0,,,,,,,,
10-12-2019,dinsdag,,,,,,0,0,0,,,,,,,,
11-12-2019,woensdag,,,,,,0,0,0,,,,,,,,
12-12-2019,donderdag,,,,,,0,0,0,,,,,,,,
13-12-2019,vrijdag,,,,,,0,0,0,,,,,,,,
14-12-2019,zaterdag,,,,,,0,0,0,,,,,,,,
15-12-2019,zondag,,,,,,0,0,0,,,,,,,,
16-12-2019,maandag,,,,,,0,0,0,,,,,,,,
17-12-2019,dinsdag,,,,,,0,0,0,,,,,,,,
18-12-2019,woensdag,,,,,,0,0,0,,,,,,,,
19-12-2019,donderdag,,,,,,0,0,0,,,,,,,,
20-12-2019,vrijdag,,,,,,0,0,0,,,,,,,,
21-12-2019,zaterdag,,,,,,0,0,0,,,,,,,,
22-12-2019,zondag,,,,,,0,0,0,,,,,,,,
23-12-2019,maandag,,,,,,0,0,0,,,,,,,,
24-12-2019,dinsdag,,,,,,0,0,0,,,,,,,,
25-12-2019,woensdag,,,,,,0,0,0,,,,,,,,
26-12-2019,donderdag,,,,,,0,0,0,,,,,,,,
27-12-2019,vrijdag,,,,,,0,0,0,,,,,,,,
28-12-2019,zaterdag,,,,,,0,0,0,,,,,,,,
29-12-2019,zondag,,,,,,0,0,0,,,,,,,,
30-12-2019,maandag,,,,,,0,0,0,,,,,,,,
31-12-2019,dinsdag,,,,,,0,0,0,,,,,,,,
